dataset,train_size,effect,ci_lower,ci_upper,p_value,p_holm,metric,comparison,is_significant
csuite_large_backdoor,20,0.0025069444444443,0.0005208333333331,0.0043958333333332,0.0013609753788046,0.006804876894023,k_marginal_tvd,original_vs_topological,True
csuite_large_backdoor,50,0.0034791666666666,0.0021319444444445,0.0049027777777777,1.6663533316051443e-09,8.331766658025722e-09,k_marginal_tvd,original_vs_topological,True
csuite_large_backdoor,100,0.0017638888888888,0.000784722222222,0.0026597222222222,2.0750764092188765e-05,8.300305636875506e-05,k_marginal_tvd,original_vs_topological,True
csuite_large_backdoor,200,-0.000173611111111,-0.0011388888888889,0.0008263888888889,0.6524067469421291,1.0,k_marginal_tvd,original_vs_topological,False
csuite_large_backdoor,500,-0.0029166666666666,-0.0037777777777777,-0.0020416666666666,1.2719799173963742e-11,6.383541463568322e-11,k_marginal_tvd,original_vs_topological,True
csuite_mixed_confounding,20,0.0008352272727272,-0.0006742424242425,0.0022499999999999,0.1937083394377737,0.3874166788755475,k_marginal_tvd,original_vs_topological,False
csuite_mixed_confounding,50,0.002246212121212,0.0010643939393939,0.0033674242424241,1.2615363371354731e-05,5.0461453485418925e-05,k_marginal_tvd,original_vs_topological,True
csuite_mixed_confounding,100,0.0030208333333333,0.0018030303030303,0.0042727272727272,8.625500594289316e-09,4.3127502971446583e-08,k_marginal_tvd,original_vs_topological,True
csuite_mixed_confounding,200,0.0026931818181818,0.0016136363636363,0.0036893939393939,7.337453408932674e-08,2.9349813635730697e-07,k_marginal_tvd,original_vs_topological,True
csuite_mixed_confounding,500,0.001530303030303,0.0005378787878787,0.0025492424242424,9.253508950932788e-05,0.0004626754475466,k_marginal_tvd,original_vs_topological,True
csuite_mixed_simpson,20,0.0057083333333333,-0.0025,0.0140416666666666,0.0754672820319289,0.1651029854276204,k_marginal_tvd,original_vs_topological,False
csuite_mixed_simpson,50,0.0055833333333333,8.33333333332964e-05,0.0111666666666667,0.0118983176010182,0.0475932704040729,k_marginal_tvd,original_vs_topological,True
csuite_mixed_simpson,100,0.011625,0.0069166666666667,0.0165833333333333,4.198867126493995e-09,2.519320275896397e-08,k_marginal_tvd,original_vs_topological,True
csuite_mixed_simpson,200,0.0052499999999999,0.0016666666666666,0.0092083333333333,0.0004648565222611,0.0018594260890444,k_marginal_tvd,original_vs_topological,True
csuite_mixed_simpson,500,0.0051666666666666,0.002375,0.0080416666666666,1.48699989434045e-05,5.9479995773618006e-05,k_marginal_tvd,original_vs_topological,True
csuite_nonlin_simpson,20,0.0049166666666666,0.0016666666666666,0.0080833333333333,3.77476167516172e-05,0.000188738083758,k_marginal_tvd,original_vs_topological,True
csuite_nonlin_simpson,50,0.0099166666666666,0.0070833333333333,0.012625,5.447879340422267e-13,2.7239396702111328e-12,k_marginal_tvd,original_vs_topological,True
csuite_nonlin_simpson,100,0.0109166666666666,0.0083333333333332,0.0135416666666667,4.401566282497985e-15,2.5707532959178655e-14,k_marginal_tvd,original_vs_topological,True
csuite_nonlin_simpson,200,0.0069583333333333,0.0048749999999999,0.0090833333333333,3.770993617432059e-12,1.8854968087160293e-11,k_marginal_tvd,original_vs_topological,True
csuite_nonlin_simpson,500,0.002375,0.000625,0.0041666666666666,0.0018066236024171,0.0054198708072514,k_marginal_tvd,original_vs_topological,True
csuite_symprod_simpson,20,0.0201249999999999,0.0147083333333333,0.0254583333333333,1.2708161268604756e-14,7.624896761162854e-14,k_marginal_tvd,original_vs_topological,True
csuite_symprod_simpson,50,0.0080833333333333,0.0051249999999999,0.0115833333333332,8.477790299717848e-10,4.238895149858925e-09,k_marginal_tvd,original_vs_topological,True
csuite_symprod_simpson,100,0.0030833333333333,0.000875,0.0055,0.0005852426949379,0.0023409707797518,k_marginal_tvd,original_vs_topological,True
csuite_symprod_simpson,200,0.00325,0.0011249999999999,0.005125,0.0001665496911281,0.0008327484556405,k_marginal_tvd,original_vs_topological,True
csuite_symprod_simpson,500,0.0009375,-0.0007083333333333,0.0026249999999999,0.1347352972085051,0.5389411888340204,k_marginal_tvd,original_vs_topological,False
csuite_weak_arrows,20,0.0016041666666666,-0.0003194444444444,0.0032708333333333,0.0421482922127907,0.1264448766383721,k_marginal_tvd,original_vs_topological,False
csuite_weak_arrows,50,0.0011319444444444,-0.0002986111111111,0.0024999999999999,0.0474570099173446,0.1898280396693786,k_marginal_tvd,original_vs_topological,False
csuite_weak_arrows,100,0.0003958333333333,-0.0006249999999999,0.0014652777777776,0.3031133794050514,0.9093401382151544,k_marginal_tvd,original_vs_topological,False
csuite_weak_arrows,200,5.555555555560032e-05,-0.0008472222222221,0.0008888888888888,0.8756825924671162,0.8756825924671162,k_marginal_tvd,original_vs_topological,False
csuite_weak_arrows,500,-0.0002743055555555,-0.0011736111111112,0.000576388888889,0.4290510992328422,1.0,k_marginal_tvd,original_vs_topological,False
custom_scm,20,0.0141666666666666,0.0095416666666667,0.0189999999999999,1.1162735730957648e-10,6.697641438574588e-10,k_marginal_tvd,original_vs_topological,True
custom_scm,50,0.0056666666666666,0.0032499999999999,0.008125,1.815685375234609e-08,9.078426876173045e-08,k_marginal_tvd,original_vs_topological,True
custom_scm,100,0.0023333333333333,0.0006666666666666,0.0042083333333333,0.0002900368241075,0.0017402209446453,k_marginal_tvd,original_vs_topological,True
custom_scm,200,0.0025833333333333,0.0009999999999999,0.0042083333333332,7.199640079225173e-05,0.0003847442896275,k_marginal_tvd,original_vs_topological,True
custom_scm,500,0.0015416666666667,0.0002499999999999,0.0027916666666666,0.0019484840669206,0.011690904401524,k_marginal_tvd,original_vs_topological,True
simglucose,20,0.0029612375533427,-0.0002176386913235,0.0064932432432431,0.0732343818437194,0.0732343818437194,k_marginal_tvd,original_vs_topological,False
simglucose,50,0.0154815078236131,0.012337126600284,0.0186682076813656,1.7729058644366345e-13,1.7729058644366345e-13,k_marginal_tvd,original_vs_topological,True
simglucose,100,0.0253819345661447,0.0228623755334282,0.0279512802275958,4.813701823147399e-18,4.813701823147399e-18,k_marginal_tvd,original_vs_topological,True
simglucose,200,0.033727773826458,0.0312937411095299,0.0360536984352774,4.0161556854627e-18,4.0161556854627e-18,k_marginal_tvd,original_vs_topological,True
simglucose,500,0.0460483641536269,0.0436216216216213,0.0482887624466572,3.89655984509591e-18,3.89655984509591e-18,k_marginal_tvd,original_vs_topological,True
csuite_large_backdoor,20,-0.0007847222222222,-0.0024722222222222,0.0009305555555555,0.2465707855818643,0.7397123567455929,k_marginal_tvd,original_vs_worst,False
csuite_large_backdoor,50,-0.0013472222222221,-0.0024236111111111,-0.0002291666666666,0.0036881965237372,0.0110645895712118,k_marginal_tvd,original_vs_worst,True
csuite_large_backdoor,100,-0.002375,-0.0035347222222222,-0.0010902777777776,4.215212434450588e-06,2.5291274606703532e-05,k_marginal_tvd,original_vs_worst,True
csuite_large_backdoor,200,-0.0026284722222222,-0.0038333333333333,-0.0015694444444444,2.709238532585007e-09,1.6255431195510045e-08,k_marginal_tvd,original_vs_worst,True
csuite_large_backdoor,500,-0.0025972222222223,-0.0034097222222222,-0.0017569444444443,2.535554867869568e-10,7.606664603608702e-10,k_marginal_tvd,original_vs_worst,True
csuite_mixed_confounding,20,-0.0017613636363635,-0.0036628787878788,-1.5151515151551331e-05,0.0159409059071886,0.047822717721566,k_marginal_tvd,original_vs_worst,True
csuite_mixed_confounding,50,-0.0013522727272727,-0.0027462121212121,3.030303030299164e-05,0.027285467280051,0.0545709345601021,k_marginal_tvd,original_vs_worst,False
csuite_mixed_confounding,100,-0.0011666666666667,-0.0023598484848484,2.651515151520789e-05,0.0277694627009101,0.0555389254018203,k_marginal_tvd,original_vs_worst,False
csuite_mixed_confounding,200,2.651515151515238e-05,-0.0008371212121213,0.0008901515151514,0.9506505163551368,0.9506505163551368,k_marginal_tvd,original_vs_worst,False
csuite_mixed_confounding,500,0.0002556818181818,-0.0007651515151515,0.0012045454545454,0.6036297728455251,0.6036297728455251,k_marginal_tvd,original_vs_worst,False
csuite_mixed_simpson,20,0.0062291666666666,0.0003749999999999,0.0122499999999999,0.0049677492760962,0.0298064956565773,k_marginal_tvd,original_vs_worst,True
csuite_mixed_simpson,50,-0.0008958333333333,-0.0049999999999999,0.0034166666666666,0.6144611697529276,0.6144611697529276,k_marginal_tvd,original_vs_worst,False
csuite_mixed_simpson,100,-0.0013958333333332,-0.00525,0.0021666666666667,0.3408824899146637,0.6817649798293275,k_marginal_tvd,original_vs_worst,False
csuite_mixed_simpson,200,-0.0015,-0.0040416666666666,0.0009583333333333,0.1833034247815594,0.3666068495631189,k_marginal_tvd,original_vs_worst,False
csuite_mixed_simpson,500,-0.0007499999999999,-0.0032083333333333,0.0019166666666666,0.4862613419429562,0.9725226838859125,k_marginal_tvd,original_vs_worst,False
csuite_nonlin_simpson,20,-0.0039583333333333,-0.0072083333333333,-0.0005416666666666,0.0059471671664469,0.0178415014993408,k_marginal_tvd,original_vs_worst,True
csuite_nonlin_simpson,50,-0.0060416666666667,-0.0085416666666667,-0.0034999999999999,2.951057759095179e-07,8.853173277285537e-07,k_marginal_tvd,original_vs_worst,True
csuite_nonlin_simpson,100,-0.0045833333333333,-0.0069166666666667,-0.0022916666666666,8.017196169732112e-06,2.4051588509196335e-05,k_marginal_tvd,original_vs_worst,True
csuite_nonlin_simpson,200,-0.0044583333333333,-0.0063333333333333,-0.0024583333333332,5.260067888349191e-07,1.5780203665047573e-06,k_marginal_tvd,original_vs_worst,True
csuite_nonlin_simpson,500,-0.0029166666666666,-0.00475,-0.001,0.0001218432012095,0.0006092160060475,k_marginal_tvd,original_vs_worst,True
csuite_symprod_simpson,20,-0.0085833333333333,-0.011875,-0.0051666666666666,2.2206238501652322e-07,4.4412477003304644e-07,k_marginal_tvd,original_vs_worst,True
csuite_symprod_simpson,50,-0.0149166666666666,-0.0181666666666666,-0.0118333333333333,1.0247817604755127e-16,6.148690562853077e-16,k_marginal_tvd,original_vs_worst,True
csuite_symprod_simpson,100,-0.01275,-0.0155416666666666,-0.01,8.942140281100043e-16,5.3652841686600254e-15,k_marginal_tvd,original_vs_worst,True
csuite_symprod_simpson,200,-0.0065833333333333,-0.0086666666666666,-0.0046666666666667,2.848386733549486e-12,1.7090320401296916e-11,k_marginal_tvd,original_vs_worst,True
csuite_symprod_simpson,500,-0.0038333333333333,-0.0054166666666666,-0.0021666666666666,1.0144712879761296e-08,6.086827727856776e-08,k_marginal_tvd,original_vs_worst,True
csuite_weak_arrows,20,-0.0005416666666666,-0.0025069444444445,0.0014027777777778,0.5003671561266105,1.0,k_marginal_tvd,original_vs_worst,False
csuite_weak_arrows,50,-0.0007152777777778,-0.0021249999999999,0.0006736111111111,0.1501672189684133,0.3003344379368267,k_marginal_tvd,original_vs_worst,False
csuite_weak_arrows,100,-0.0006041666666666,-0.0017013888888887,0.0003333333333333,0.0907109007684024,0.3628436030736096,k_marginal_tvd,original_vs_worst,False
csuite_weak_arrows,200,-0.0009722222222222,-0.0017847222222222,-0.0001944444444444,0.0011926556588914,0.0071559339533486,k_marginal_tvd,original_vs_worst,True
csuite_weak_arrows,500,-0.001625,-0.0024791666666667,-0.0007708333333333,3.1784106330922235e-06,1.907046379855334e-05,k_marginal_tvd,original_vs_worst,True
custom_scm,20,0.0024375,-0.0024166666666666,0.00725,0.2682320836791084,0.5364641673582169,k_marginal_tvd,original_vs_worst,False
custom_scm,50,-0.0002499999999999,-0.0031666666666667,0.0025,0.8486605595032358,1.0,k_marginal_tvd,original_vs_worst,False
custom_scm,100,-0.0005833333333333,-0.0031666666666667,0.0019999999999999,0.5269589337485421,0.5269589337485421,k_marginal_tvd,original_vs_worst,False
custom_scm,200,-0.0006666666666666,-0.00275,0.0015416666666666,0.4566334733858128,1.0,k_marginal_tvd,original_vs_worst,False
custom_scm,500,-0.0006666666666666,-0.0028333333333333,0.001625,0.5146790591342058,1.0,k_marginal_tvd,original_vs_worst,False
