dataset,algorithm,column_order,train_size,seed,fit_sample_seconds,total_seconds,correlation_matrix_difference,k_marginal_tvd,nnaa
custom_scm,datgan,known_dag,20,0,175.30740594863892,179.60983991622925,0.2277147988815064,0.5220833333333333,0.94525
custom_scm,datgan,known_dag,20,1,94.1587450504303,94.62658905982973,0.53472468579163,0.5649166666666667,0.98025
custom_scm,datgan,known_dag,20,2,87.14300799369812,87.42857003211975,0.2594758647945833,0.4855833333333334,0.95725
custom_scm,datgan,known_dag,20,3,85.98320508003235,86.27526426315308,1.8027029388740023,0.77375,0.97675
custom_scm,datgan,known_dag,20,4,88.39402651786804,88.6954984664917,0.5532369667353652,0.4535,0.9385
custom_scm,datgan,known_dag,20,5,175.30639839172363,179.60977959632874,0.7421951212760776,0.4735,0.94725
custom_scm,datgan,known_dag,20,6,95.1368179321289,95.5943512916565,0.371836797609291,0.4536666666666667,0.934
custom_scm,datgan,known_dag,20,7,87.51817512512207,87.79881358146667,0.1924615312479598,0.4935833333333333,0.94925
custom_scm,datgan,known_dag,20,8,86.4277458190918,86.72102379798889,1.0211859477682594,0.5125833333333333,0.9655
custom_scm,datgan,known_dag,20,9,89.07491040229797,89.37852048873901,0.236367397890296,0.4783333333333333,0.95975
custom_scm,datgan,known_dag,20,10,175.30830359458923,179.60985255241394,0.7788301403219565,0.5732499999999999,0.965
custom_scm,datgan,known_dag,20,11,93.4886350631714,93.9519522190094,0.5029954316065729,0.5224166666666668,0.955
custom_scm,datgan,known_dag,20,12,85.86968183517456,86.18530774116516,1.221653530651875,0.5646666666666668,0.97975
custom_scm,datgan,known_dag,20,13,86.70379209518433,87.01762342453003,0.7089622387689116,0.5383333333333333,0.9655
custom_scm,datgan,known_dag,20,14,88.64816761016846,89.38083028793335,0.4665841524445696,0.4976666666666667,0.965
custom_scm,datgan,known_dag,20,15,175.30783891677856,179.60974836349487,0.4049830508033989,0.4775833333333334,0.95325
custom_scm,datgan,known_dag,20,16,94.12585186958312,94.58103537559508,0.3187923769891841,0.4445,0.9415
custom_scm,datgan,known_dag,20,17,86.19838500022888,86.4984245300293,0.4769718725508419,0.5817500000000001,0.961
custom_scm,datgan,known_dag,20,18,85.52067351341248,85.81897354125977,0.4171036293049106,0.4745833333333334,0.95675
custom_scm,datgan,known_dag,20,19,89.76126146316528,90.06450080871582,0.4426237001103414,0.4948333333333334,0.95975
custom_scm,datgan,known_dag,20,20,420.6347889900207,423.98197865486145,0.8245377374505407,0.5393333333333333,0.98375
custom_scm,datgan,known_dag,20,21,295.80961537361145,296.1890187263489,0.2134224619842527,0.4981666666666666,0.933
custom_scm,datgan,known_dag,20,22,291.65058064460754,292.01698446273804,0.3340400764091162,0.48425,0.95475
custom_scm,datgan,known_dag,20,23,288.8882520198822,289.2660348415375,0.6533564696761819,0.4773333333333333,0.9485
custom_scm,datgan,known_dag,20,24,294.5178506374359,294.8880224227905,0.8402467055615847,0.5080000000000001,0.968
custom_scm,datgan,known_dag,20,25,420.1557388305664,423.9722573757171,0.6275318716702589,0.547,0.9755
custom_scm,datgan,known_dag,20,26,295.7237296104431,296.10057163238525,0.4759440315747429,0.4899166666666668,0.96225
custom_scm,datgan,known_dag,20,27,290.9226715564728,291.3068070411682,0.318748824024741,0.4920833333333334,0.95225
custom_scm,datgan,known_dag,20,28,287.3232274055481,287.70901250839233,0.2643059838041386,0.4079166666666667,0.94775
custom_scm,datgan,known_dag,20,29,293.2991111278534,293.68201088905334,0.6353054572834216,0.4942500000000001,0.9655
custom_scm,datgan,known_dag,20,31,238.6746847629547,240.12312173843384,0.8865713829272295,0.5857500000000001,0.966
custom_scm,datgan,known_dag,20,32,136.99290657043457,137.37708854675293,1.1163267745094028,0.6305000000000001,0.96875
custom_scm,datgan,known_dag,20,33,136.3571891784668,136.76946425437927,0.2791031738636225,0.503,0.96125
custom_scm,datgan,known_dag,20,34,137.51454639434814,137.8492386341095,1.356119508896587,0.5334166666666668,0.95425
custom_scm,datgan,known_dag,20,35,135.18301033973694,135.50946736335754,0.6622628667198667,0.4740833333333334,0.9555
custom_scm,datgan,known_dag,20,36,241.07253098487857,241.79579305648804,0.6043641115538795,0.5544166666666667,0.963
custom_scm,datgan,known_dag,20,37,137.6599190235138,138.0058844089508,0.8919214545257511,0.6077500000000001,0.96825
custom_scm,datgan,known_dag,20,38,139.14779925346377,139.52006244659424,1.0360642212278008,0.5810000000000001,0.963
custom_scm,datgan,known_dag,20,39,139.1317265033722,139.46179032325745,0.7651026256252503,0.5779166666666667,0.9605
custom_scm,datgan,known_dag,20,40,138.91181182861328,139.30614304542542,1.264387263993648,0.7000000000000002,0.985
custom_scm,datgan,known_dag,20,41,236.35141849517825,240.11708569526672,0.2911872803136384,0.4258333333333333,0.9435
custom_scm,datgan,known_dag,20,42,133.99304699897766,134.32137274742126,0.7721295026281997,0.4828333333333334,0.955
custom_scm,datgan,known_dag,20,43,137.8283977508545,138.18004083633423,0.7087565171471556,0.5199166666666667,0.96575
custom_scm,datgan,known_dag,20,44,135.22057700157166,135.6020052433014,0.5238777372258466,0.4940833333333334,0.94975
custom_scm,datgan,known_dag,20,45,135.85101342201233,136.2118785381317,0.8638170696678461,0.48275,0.952
custom_scm,datgan,known_dag,20,46,119.31857228279114,121.84815716743468,0.3759494622500325,0.5041666666666668,0.9275
custom_scm,datgan,known_dag,20,47,106.32979393005373,107.05250787734984,0.6668560730506512,0.5410833333333334,0.97375
custom_scm,datgan,known_dag,20,48,110.88040041923524,111.4031946659088,0.5177522915025677,0.4739166666666667,0.9365
custom_scm,datgan,known_dag,20,49,104.1777024269104,104.51257729530334,0.2387407546739241,0.5027500000000001,0.93175
custom_scm,datgan,known_dag,20,50,104.54014134407043,105.07025980949402,0.4232749239204771,0.4185833333333333,0.9425
custom_scm,datgan,known_dag,20,51,400.9095516204834,405.1175925731659,0.2799136850534773,0.586,0.9545
custom_scm,datgan,known_dag,20,52,273.80460810661316,274.2359867095947,0.6336297836363678,0.4645000000000001,0.93875
custom_scm,datgan,known_dag,20,53,272.2319850921631,272.671795129776,0.1590684174221062,0.4744166666666667,0.957
custom_scm,datgan,known_dag,20,54,271.97225880622864,272.41122174263,0.2517467809422473,0.52075,0.949
custom_scm,datgan,known_dag,20,55,274.92952251434326,275.3610541820526,0.300945233602643,0.47875,0.96175
custom_scm,datgan,known_dag,20,56,389.8880224227905,393.865638256073,0.1777405470556807,0.4696666666666666,0.95075
custom_scm,datgan,known_dag,20,57,276.60146474838257,277.01066398620605,1.33835407003497,0.6555833333333334,0.98475
custom_scm,datgan,known_dag,20,58,276.75017786026,277.14059948921204,0.7468330198346703,0.5031666666666668,0.947
custom_scm,datgan,known_dag,20,59,276.3482277393341,276.7843451499939,0.803205286051622,0.50575,0.97375
custom_scm,datgan,known_dag,20,61,273.91017484664917,274.3101270198822,0.8945440737507973,0.5330833333333335,0.94775
custom_scm,datgan,known_dag,20,62,446.59504199028015,450.1459321975708,0.3596080828725399,0.5223333333333334,0.959
custom_scm,datgan,known_dag,20,63,298.1576166152954,298.59797525405884,0.4582081220792418,0.5206666666666666,0.974
custom_scm,datgan,known_dag,20,64,298.22412395477295,298.72792649269104,0.1928860446918885,0.4200833333333333,0.929
custom_scm,datgan,known_dag,20,65,297.76188230514526,298.2215826511383,2.542913042187841,0.6566666666666667,0.98375
custom_scm,datgan,known_dag,20,66,298.3691084384918,298.8100006580353,0.819697123710535,0.4936666666666667,0.959
custom_scm,datgan,known_dag,20,67,417.7104957103729,418.7062900066376,0.8561130986929052,0.6914166666666667,0.982
custom_scm,datgan,known_dag,20,68,291.5353043079376,292.02223467826843,0.3871770427871212,0.4433333333333333,0.92325
custom_scm,datgan,known_dag,20,69,288.9808988571167,289.39171719551086,0.8004442827517156,0.4760833333333334,0.95025
custom_scm,datgan,known_dag,20,70,289.5826196670532,290.00740694999695,0.1865856396243631,0.5599166666666667,0.9365
custom_scm,datgan,known_dag,20,71,292.336567401886,292.7635147571564,0.4324985608812418,0.4784166666666667,0.96175
custom_scm,datgan,known_dag,20,72,392.1001260280609,395.89930391311646,0.2959061104621287,0.5061666666666667,0.94925
custom_scm,datgan,known_dag,20,73,280.98938179016113,281.34007000923157,0.571788221734559,0.5096666666666666,0.95025
custom_scm,datgan,known_dag,20,74,280.07932329177856,280.4628129005432,0.7770932338724443,0.5573333333333333,0.95825
custom_scm,datgan,known_dag,20,75,279.07674527168274,279.4616527557373,0.8084138665865579,0.5013333333333333,0.974
custom_scm,datgan,known_dag,20,76,277.07234168052673,277.46398878097534,0.5121026330017145,0.5286666666666667,0.95125
custom_scm,datgan,known_dag,20,77,347.19905829429626,349.5568664073944,0.6983692058392881,0.48375,0.95775
custom_scm,datgan,known_dag,20,78,234.950510263443,235.2894253730774,0.4074615082282207,0.4614166666666666,0.95025
custom_scm,datgan,known_dag,20,79,245.66633486747745,246.0466558933258,0.9050129684341264,0.5195833333333334,0.95475
custom_scm,datgan,known_dag,20,80,225.568195104599,225.8887231349945,0.3001215234287477,0.4759166666666667,0.958
custom_scm,datgan,known_dag,20,81,86.47312092781067,86.75477719306946,0.3565979152846011,0.4589166666666667,0.9515
custom_scm,datgan,known_dag,20,82,347.90784430503845,349.5567741394043,0.4258657341927198,0.5396666666666667,0.96925
custom_scm,datgan,known_dag,20,83,235.5411078929901,235.91676831245425,0.2829130650723933,0.5173333333333333,0.9375
custom_scm,datgan,known_dag,20,84,247.33459949493408,247.70168256759644,0.2563411039009501,0.4819166666666667,0.94675
custom_scm,datgan,known_dag,20,85,223.74329543113708,224.07133674621585,1.1670391248413374,0.5528333333333334,0.9695
custom_scm,datgan,known_dag,20,86,86.70416331291199,87.00747609138489,0.6546598979668969,0.4428333333333333,0.93375
custom_scm,datgan,known_dag,20,87,345.5590989589691,349.57217168807983,0.702334375129935,0.5085000000000001,0.97325
custom_scm,datgan,known_dag,20,88,233.840961933136,234.24073910713196,0.2643078890741943,0.4796666666666667,0.93275
custom_scm,datgan,known_dag,20,89,241.60751461982727,241.98211240768433,0.7619362332682998,0.5269166666666667,0.97675
custom_scm,datgan,known_dag,20,90,227.33138227462769,227.6849946975708,1.1435810297409257,0.5951666666666667,0.97275
custom_scm,datgan,known_dag,20,91,87.06488060951233,87.35441303253174,0.9960562458469512,0.6611666666666668,0.96825
custom_scm,datgan,known_dag,20,92,240.59407901763916,241.41689229011536,0.6503373467052038,0.5016666666666666,0.95175
custom_scm,datgan,known_dag,20,93,140.36892437934875,140.73783206939697,0.5769765101770611,0.5565833333333334,0.96775
custom_scm,datgan,known_dag,20,94,141.92767310142517,142.25259256362915,0.2999618152579032,0.4792499999999999,0.94875
custom_scm,datgan,known_dag,20,96,136.22542595863342,136.54869151115415,0.6068206638478189,0.4734166666666666,0.92825
custom_scm,datgan,known_dag,20,97,139.96129512786865,140.3009946346283,0.8086481451046247,0.54,0.97125
custom_scm,datgan,known_dag,20,98,238.338401556015,240.6067235469818,1.004488831246911,0.5885000000000001,0.9865
custom_scm,datgan,known_dag,20,99,139.77628254890442,140.09392094612122,0.4079904201653202,0.4423333333333334,0.9505
custom_scm,datgan,known_dag,20,100,141.5177299976349,141.8462610244751,0.5069761208229274,0.42025,0.94075
custom_scm,datgan,known_dag,20,101,140.81490540504456,141.12058234214783,0.3405381257202861,0.507,0.95925
custom_scm,datgan,known_dag,20,102,137.352459192276,137.6985740661621,0.250234590792434,0.4201666666666667,0.92025
custom_scm,datgan,known_dag,50,120,253.42437171936035,256.814790725708,0.7688372559794282,0.5685000000000001,0.9575
custom_scm,datgan,known_dag,50,121,191.69086003303528,192.08257293701172,0.4355336315807361,0.4665000000000001,0.93625
custom_scm,datgan,known_dag,50,122,184.69121265411377,185.10322499275208,0.1640185979626412,0.4473333333333333,0.931
custom_scm,datgan,known_dag,50,123,186.63807940483093,187.1250114440918,0.1284325479838489,0.4893333333333334,0.961
custom_scm,datgan,known_dag,50,124,187.54528498649597,187.99089789390564,0.2182356950698142,0.4673333333333334,0.9615
custom_scm,datgan,known_dag,50,125,154.69704389572144,155.78487300872803,0.2293743990163848,0.4336666666666667,0.9335
custom_scm,datgan,known_dag,50,126,95.75761771202087,96.10296392440796,0.2584884654583151,0.4781666666666667,0.94625
custom_scm,datgan,known_dag,50,127,96.36481738090517,96.70463180541992,0.526500801630626,0.4608333333333334,0.964
custom_scm,datgan,known_dag,50,128,95.6049292087555,95.93143272399902,0.809864384469976,0.4229166666666666,0.944
custom_scm,datgan,known_dag,50,129,94.2046730518341,94.62126541137695,0.1173729400422629,0.41275,0.91425
custom_scm,datgan,known_dag,50,130,145.19190573692322,147.2552411556244,0.465047807552554,0.4708333333333334,0.95475
custom_scm,datgan,known_dag,50,131,81.17189860343933,81.45748519897461,0.4958040624471329,0.5200833333333333,0.982
custom_scm,datgan,known_dag,50,132,81.10472464561462,81.39570331573486,0.9600280230595468,0.5606666666666668,0.975
custom_scm,datgan,known_dag,50,133,80.54010462760925,80.83560609817505,0.6156560607759866,0.4549166666666667,0.96475
custom_scm,datgan,known_dag,50,134,79.69599342346191,79.98470115661621,0.1128240824757543,0.42625,0.93625
custom_scm,datgan,known_dag,50,135,145.15399956703186,147.25478506088257,0.4020093615945388,0.4806666666666667,0.953
custom_scm,datgan,known_dag,50,136,80.77717065811157,81.059974193573,0.6928527886167296,0.5481666666666667,0.963
custom_scm,datgan,known_dag,50,137,81.00474572181702,81.30337738990784,0.3387059034075867,0.4828333333333334,0.9405
custom_scm,datgan,known_dag,50,138,80.24460673332214,80.57505440711975,0.4919547776864389,0.4705833333333334,0.95125
custom_scm,datgan,known_dag,50,139,79.13772821426392,79.44054532051086,0.1393726015530472,0.4335833333333334,0.944
custom_scm,datgan,known_dag,50,140,145.39692449569702,147.25601291656494,0.8805814071980194,0.5844166666666667,0.971
custom_scm,datgan,known_dag,50,141,81.3469021320343,81.62985825538635,0.5712950950472906,0.5081666666666667,0.981
custom_scm,datgan,known_dag,50,142,80.53913688659668,80.81938433647156,0.23571883493607,0.4534166666666667,0.9405
custom_scm,datgan,known_dag,50,143,79.99533438682556,80.28297162055969,0.4926587991212134,0.4844166666666667,0.94
custom_scm,datgan,known_dag,50,144,79.06411075592041,79.37812566757202,0.3621733122926649,0.4957499999999999,0.95475
custom_scm,datgan,known_dag,50,145,145.23881793022156,147.25685477256775,0.3301941133341809,0.5240833333333335,0.975
custom_scm,datgan,known_dag,50,146,81.34583735466003,81.64144086837769,0.2627015192781889,0.463,0.94925
custom_scm,datgan,known_dag,50,147,81.25475263595581,81.5357620716095,0.2697630418808772,0.51175,0.95475
custom_scm,datgan,known_dag,50,148,80.03303265571594,80.328293800354,0.2255628099886879,0.4344166666666667,0.92075
custom_scm,datgan,known_dag,50,149,80.73621129989624,81.02251935005188,0.1388848146626478,0.4485833333333334,0.9275
custom_scm,datgan,known_dag,50,150,145.26836252212524,147.25783777236938,0.1422851383534802,0.4155,0.909
custom_scm,datgan,known_dag,50,151,81.26388216018677,81.55807304382324,0.4511707830824557,0.48175,0.935
custom_scm,datgan,known_dag,50,152,80.86615014076233,81.15739393234253,0.5386340926537043,0.4606666666666667,0.95625
custom_scm,datgan,known_dag,50,153,79.84151887893677,80.1468300819397,0.1377322060617926,0.4010833333333334,0.91575
custom_scm,datgan,known_dag,50,154,79.30437541007996,79.60838079452515,0.2577444794297345,0.5408333333333334,0.967
custom_scm,datgan,known_dag,50,155,145.7463390827179,147.25541043281555,0.6802201317433819,0.4939166666666667,0.9695
custom_scm,datgan,known_dag,50,156,81.16230511665344,81.45948576927185,0.305541007731077,0.4636666666666667,0.95025
custom_scm,datgan,known_dag,50,157,81.13609981536865,81.42275047302246,0.1337334349546775,0.4265833333333333,0.918
custom_scm,datgan,known_dag,50,158,80.04103875160217,80.3300666809082,0.1678295721123933,0.5015833333333334,0.959
custom_scm,datgan,known_dag,50,159,78.90729856491089,79.20219945907593,0.4394867353041247,0.51675,0.98075
custom_scm,datgan,known_dag,50,160,145.53012108802795,147.25527572631836,0.3817760535655717,0.43975,0.9335
custom_scm,datgan,known_dag,50,161,81.37120842933655,81.66833162307739,0.3353935186101467,0.4401666666666666,0.94225
custom_scm,datgan,known_dag,50,162,81.88347506523132,82.16801929473877,0.3457841328326739,0.47,0.951
custom_scm,datgan,known_dag,50,163,80.3776683807373,80.6561210155487,0.4517224071358631,0.52575,0.95525
custom_scm,datgan,known_dag,50,164,79.82410454750061,80.11227583885193,0.2714831654338031,0.4213333333333333,0.90575
custom_scm,datgan,known_dag,50,165,183.96005725860596,184.7490837574005,0.1554756712596713,0.4374166666666667,0.9405
custom_scm,datgan,known_dag,50,166,118.72508883476256,119.04384636878969,0.0706728883105141,0.4031666666666667,0.90375
custom_scm,datgan,known_dag,50,167,118.98285174369812,119.31899070739746,0.2107757811690582,0.4458333333333333,0.932
custom_scm,datgan,known_dag,50,168,117.23442125320436,117.80634593963624,0.083699583001469,0.4554166666666667,0.93925
custom_scm,datgan,known_dag,50,169,111.98340439796448,112.2913191318512,0.1936903469734917,0.4453333333333333,0.95075
custom_scm,datgan,known_dag,50,170,146.43900895118713,147.25859880447388,0.2345436270916694,0.48475,0.97225
custom_scm,datgan,known_dag,50,171,87.71135687828064,88.03117632865906,0.3521331697366511,0.626,0.98725
custom_scm,datgan,known_dag,50,172,90.37945032119752,90.68188333511353,0.945309944766605,0.5074166666666667,0.9585
custom_scm,datgan,known_dag,50,173,88.58876466751099,88.90628671646118,0.1000906614805986,0.4474166666666667,0.9555
custom_scm,datgan,known_dag,50,174,88.97357678413391,89.29525423049927,0.3820635642979866,0.4447500000000001,0.94375
custom_scm,datgan,known_dag,50,175,146.14466333389282,147.25854992866516,0.2184106368890581,0.4710833333333333,0.9335
custom_scm,datgan,known_dag,50,176,87.69564580917358,88.01536107063293,0.3421423565860411,0.4230833333333333,0.90475
custom_scm,datgan,known_dag,50,177,88.33566045761108,88.65850353240967,0.1521768050844275,0.4254166666666667,0.92575
custom_scm,datgan,known_dag,50,178,88.03847193717957,88.37485313415527,0.1822044047226139,0.3965833333333333,0.91175
custom_scm,datgan,known_dag,50,179,89.27182269096375,89.61008667945862,0.67816356981981,0.48825,0.95325
custom_scm,datgan,known_dag,50,180,146.1764853000641,147.2575166225433,0.2978080057679397,0.4689166666666667,0.95025
custom_scm,datgan,known_dag,50,181,88.35133099555969,88.66272115707397,0.364799794634774,0.4481666666666666,0.94825
custom_scm,datgan,known_dag,50,182,88.49423718452454,88.8034131526947,0.1348147729808696,0.4528333333333334,0.953
custom_scm,datgan,known_dag,50,183,87.64295268058777,87.95756506919861,0.1423259006335693,0.43825,0.90625
custom_scm,datgan,known_dag,50,184,88.5520761013031,88.85744833946228,0.1806809497006861,0.4271666666666667,0.911
custom_scm,datgan,known_dag,50,185,163.50339460372925,165.56254172325134,0.5742408945526104,0.5302500000000001,0.967
custom_scm,datgan,known_dag,50,186,105.51792740821838,105.85229396820068,0.2110827535382811,0.4658333333333333,0.948
custom_scm,datgan,known_dag,50,187,106.06835985183716,106.38290286064148,0.4593609132113534,0.4573333333333333,0.942
custom_scm,datgan,known_dag,50,188,108.21191787719728,108.61673259735107,0.2621575014595836,0.4539166666666667,0.93775
custom_scm,datgan,known_dag,50,189,104.85967206954956,105.22786045074464,0.6176019004783738,0.5115000000000001,0.9665
custom_scm,datgan,known_dag,50,190,430.7318859100342,434.5397675037384,0.1832870385887089,0.4460833333333334,0.9385
custom_scm,datgan,known_dag,50,191,301.4002215862274,301.77497935295105,0.3573532603266339,0.5229166666666667,0.97025
custom_scm,datgan,known_dag,50,192,299.68886065483093,300.10174560546875,1.635412807318349,0.5328333333333334,0.96525
custom_scm,datgan,known_dag,50,193,299.22776055336,299.6370093822479,0.4040638794311558,0.44975,0.94125
custom_scm,datgan,known_dag,50,194,295.8608503341675,296.24445939064026,0.1302964273185383,0.4655833333333334,0.93575
custom_scm,datgan,known_dag,50,195,431.1840794086456,434.5329341888428,0.5445343459189872,0.4416666666666666,0.95
custom_scm,datgan,known_dag,50,196,302.3332064151764,302.6846568584442,0.1468010196951673,0.4409166666666668,0.9495
custom_scm,datgan,known_dag,50,197,299.9848954677582,300.3690185546875,0.4973488078170994,0.4625833333333333,0.957
custom_scm,datgan,known_dag,50,198,295.7254593372345,296.1099820137024,0.3446705161245858,0.4555,0.933
custom_scm,datgan,known_dag,50,199,300.5239541530609,300.9382164478302,0.7221074693738272,0.51275,0.9545
custom_scm,datgan,known_dag,50,200,151.5744342803955,152.67355489730835,0.3370831548380344,0.4413333333333333,0.93675
custom_scm,datgan,known_dag,50,202,93.43685555458067,93.77011060714722,0.1902307328631164,0.4646666666666667,0.94325
custom_scm,datgan,known_dag,50,203,94.14012503623962,94.48171091079712,0.2647706466907964,0.4266666666666667,0.91575
custom_scm,datgan,known_dag,50,204,95.9274172782898,96.27433514595032,0.5639485713335435,0.5388333333333333,0.9625
custom_scm,datgan,known_dag,50,205,94.94540166854858,95.27607703208923,0.134611955405277,0.4749166666666666,0.9595
custom_scm,datgan,known_dag,50,206,152.04654026031494,152.673681974411,0.4251228096619098,0.4314166666666666,0.944
custom_scm,datgan,known_dag,50,207,93.01818680763245,93.3490252494812,0.8365402281550967,0.4441666666666667,0.95725
custom_scm,datgan,known_dag,50,208,95.44540166854858,95.77626323699953,0.2844780083257414,0.5333333333333333,0.9655
custom_scm,datgan,known_dag,50,209,95.02436709403992,95.36276364326476,0.1284003297485297,0.4368333333333334,0.91275
custom_scm,datgan,known_dag,50,210,93.93006539344788,94.34180736541748,0.1516813417419213,0.44925,0.93875
custom_scm,datgan,known_dag,50,211,151.5320496559143,152.67356133461,0.177909782832381,0.455,0.93875
custom_scm,datgan,known_dag,50,212,93.7613649368286,94.08457708358765,0.2528473230639589,0.4431666666666667,0.921
custom_scm,datgan,known_dag,50,213,95.14581656455994,95.48278260231018,0.4255648387473477,0.5175833333333334,0.962
custom_scm,datgan,known_dag,50,214,95.24785041809082,95.57601928710938,0.8480574817549725,0.6609166666666667,0.993
custom_scm,datgan,known_dag,50,215,94.41019344329834,94.73378348350523,0.1531825087419558,0.4706666666666667,0.95375
custom_scm,datgan,known_dag,50,216,157.9653296470642,158.44951272010803,0.2122090680030288,0.449,0.9435
custom_scm,datgan,known_dag,50,217,98.29846000671388,98.6862301826477,0.0662848686003214,0.4130833333333334,0.8967499999999999
custom_scm,datgan,known_dag,50,218,103.47824668884276,103.79999732971191,0.1619946009054713,0.4189166666666667,0.92375
custom_scm,datgan,known_dag,50,219,102.15019297599792,102.48780465126038,0.1224597728267078,0.4070833333333333,0.8925000000000001
custom_scm,datgan,known_dag,50,220,95.29381608963013,95.60972952842712,0.1681879337127167,0.4260833333333334,0.92875
custom_scm,datgan,known_dag,100,240,155.87371015548706,156.36916995048523,0.0501782068611795,0.421,0.90475
custom_scm,datgan,known_dag,100,241,98.7371907234192,99.04977822303772,0.4681590471689894,0.4473333333333333,0.9395
custom_scm,datgan,known_dag,100,242,99.50615215301514,99.85017013549805,0.2260399267542447,0.4423333333333333,0.9185
custom_scm,datgan,known_dag,100,243,100.47744131088255,100.81494164466858,0.2868822638738678,0.4353333333333333,0.937
custom_scm,datgan,known_dag,100,244,98.34373712539671,98.6567714214325,0.1037370149921439,0.4183333333333334,0.90175
custom_scm,datgan,known_dag,100,245,155.50652384757996,156.01035165786743,0.2502050913451984,0.4620833333333333,0.9385
custom_scm,datgan,known_dag,100,246,98.92102766036987,99.23210835456848,0.5453077554718178,0.4153333333333334,0.922
custom_scm,datgan,known_dag,100,247,99.79629468917848,100.13766765594482,0.2729684060550906,0.4335833333333334,0.937
custom_scm,datgan,known_dag,100,248,99.67357420921326,100.0328528881073,0.1505383337895346,0.4452500000000001,0.9335
custom_scm,datgan,known_dag,100,249,97.62033104896544,97.94782614707948,0.1766365285189183,0.44825,0.957
custom_scm,datgan,known_dag,100,250,154.47776627540588,155.00801277160645,0.2412489955832641,0.3894166666666667,0.866
custom_scm,datgan,known_dag,100,251,96.72827196121216,97.035386800766,0.3481356909329834,0.4790000000000001,0.96925
custom_scm,datgan,known_dag,100,252,96.56090712547302,96.8841757774353,0.4196684862340342,0.4905000000000001,0.98375
custom_scm,datgan,known_dag,100,253,97.64999961853027,97.97261023521423,0.1599768806179321,0.4336666666666667,0.93075
custom_scm,datgan,known_dag,100,254,97.44907355308531,97.77610754966736,0.2150059952991841,0.4480833333333334,0.94125
custom_scm,datgan,known_dag,100,255,146.6093349456787,147.25798988342285,0.0548312324853772,0.37975,0.86
custom_scm,datgan,known_dag,100,256,87.49858808517456,87.78386974334717,0.2680281239564662,0.44225,0.9315
custom_scm,datgan,known_dag,100,257,87.79920411109924,88.09735703468323,0.5026569774911341,0.4966666666666666,0.95925
custom_scm,datgan,known_dag,100,258,87.78475737571716,88.10135006904602,0.2590284547183001,0.4008333333333334,0.93225
custom_scm,datgan,known_dag,100,259,87.93767285346985,88.2595603466034,0.4453657025337828,0.387,0.8685
custom_scm,datgan,known_dag,100,260,146.51263666152954,147.25887799263,0.2760982205014025,0.5035000000000001,0.94
custom_scm,datgan,known_dag,100,261,87.27667117118835,87.58249878883362,0.1098486457801804,0.4215,0.8734999999999999
custom_scm,datgan,known_dag,100,262,88.63836026191711,88.93232703208923,0.1803246688721186,0.4520000000000001,0.93025
custom_scm,datgan,known_dag,100,263,87.58989262580872,87.89073348045349,0.6114552089356384,0.5133333333333333,0.9825
custom_scm,datgan,known_dag,100,264,88.06639194488525,88.36536359786987,0.1751009598154851,0.4194166666666667,0.90675
custom_scm,datgan,known_dag,100,265,146.51540899276733,147.29930639266968,0.210999391430183,0.4620833333333333,0.961
custom_scm,datgan,known_dag,100,266,87.37084460258484,87.67403936386108,0.4171896106214786,0.3954166666666667,0.8752500000000001
custom_scm,datgan,known_dag,100,267,88.11960005760193,88.41728091239929,0.1586073907030997,0.39725,0.88975
custom_scm,datgan,known_dag,100,268,87.65109634399414,87.9681875705719,0.2014988086836122,0.3990833333333334,0.90425
custom_scm,datgan,known_dag,100,269,88.54087567329407,88.83704280853271,0.4501591463977293,0.4530833333333333,0.944
custom_scm,datgan,known_dag,100,270,147.12009072303772,147.5750789642334,0.2148756327480092,0.4553333333333333,0.945
custom_scm,datgan,known_dag,100,271,88.45995759963989,88.74185037612915,0.4046156131272299,0.4661666666666668,0.952
custom_scm,datgan,known_dag,100,272,88.63694715499878,88.92225813865662,0.7469132911025816,0.4585000000000001,0.9465
custom_scm,datgan,known_dag,100,273,89.4238007068634,89.70195412635803,0.290564624726262,0.4984166666666667,0.97875
custom_scm,datgan,known_dag,100,274,89.80248832702637,90.09155178070068,0.1278255300013435,0.4040833333333333,0.90775
custom_scm,datgan,known_dag,100,275,146.93220949172974,147.38817954063416,0.0903471961000707,0.4223333333333334,0.91225
custom_scm,datgan,known_dag,100,276,89.00587558746338,89.27404117584229,0.2742538724361008,0.4538333333333333,0.92525
custom_scm,datgan,known_dag,100,277,88.19798183441162,88.4732973575592,0.2219654811910209,0.4179166666666667,0.9205
custom_scm,datgan,known_dag,100,278,88.80328941345215,89.10643267631531,0.1729658129235161,0.4593333333333333,0.94325
custom_scm,datgan,known_dag,100,279,88.51866745948792,88.85184407234192,0.175922506450979,0.449,0.927
custom_scm,datgan,known_dag,100,280,146.71849656105042,147.2595818042755,0.7603478191143676,0.51825,0.956
custom_scm,datgan,known_dag,100,281,88.62568211555481,88.92198276519775,0.2295571822014579,0.45675,0.9175
custom_scm,datgan,known_dag,100,282,88.08010959625244,88.3707423210144,0.1345081599026307,0.4296666666666667,0.8715
custom_scm,datgan,known_dag,100,283,87.8624005317688,88.16077613830566,0.2328259249921261,0.4015833333333334,0.9015
custom_scm,datgan,known_dag,100,284,87.27320694923401,87.57189440727234,0.3599990621837038,0.4792499999999999,0.95475
custom_scm,datgan,known_dag,100,285,146.74219179153442,147.25863909721377,0.0862094208672859,0.4419166666666667,0.926
custom_scm,datgan,known_dag,100,286,88.08086633682251,88.38183355331421,0.0918285306500144,0.4252500000000001,0.906
custom_scm,datgan,known_dag,100,287,88.39117860794067,88.69216084480286,0.1904979073446516,0.4206666666666667,0.90225
custom_scm,datgan,known_dag,100,288,87.8711998462677,88.19829106330872,0.1164588153524503,0.4295833333333334,0.9125
custom_scm,datgan,known_dag,100,289,88.06246376037598,88.35712122917175,0.118950694264349,0.4258333333333334,0.91875
custom_scm,datgan,known_dag,100,290,150.00707268714905,150.5811996459961,0.2249068015851299,0.4314166666666667,0.937
custom_scm,datgan,known_dag,100,291,89.79526162147522,90.13734292984007,0.0759953494835583,0.5428333333333334,0.945
custom_scm,datgan,known_dag,100,292,92.06103014945984,92.37866544723512,0.4780481156352852,0.4663333333333333,0.97875
custom_scm,datgan,known_dag,100,293,92.7237606048584,93.03262233734132,0.0738030425535509,0.4666666666666667,0.925
custom_scm,datgan,known_dag,100,294,92.64303541183472,92.96482396125792,0.3025804896613536,0.4096666666666667,0.90175
custom_scm,datgan,known_dag,100,295,149.8029007911682,150.5811505317688,0.5402360134842835,0.4480833333333334,0.964
custom_scm,datgan,known_dag,100,296,90.33404088020325,90.64807724952698,0.3246269637096959,0.4388333333333334,0.9065
custom_scm,datgan,known_dag,100,297,91.81953525543211,92.12827491760254,0.3910747541012126,0.4244166666666667,0.9235
custom_scm,datgan,known_dag,100,298,90.0238561630249,90.34767580032349,0.0504691185219928,0.4064166666666667,0.8875
custom_scm,datgan,known_dag,100,299,90.55237817764282,90.85076189041138,0.552420129237967,0.405,0.933
custom_scm,datgan,known_dag,100,300,149.5158383846283,150.70973896980286,0.3252184404064629,0.5000000000000001,0.96675
custom_scm,datgan,known_dag,100,301,90.60139346122742,90.95169687271118,0.2388368516883748,0.4365833333333333,0.9335
custom_scm,datgan,known_dag,100,302,91.34025478363036,91.64708256721497,0.9521281498249302,0.6696666666666667,0.97775
custom_scm,datgan,known_dag,100,303,90.90709900856018,91.23177289962769,0.1663231015934418,0.4624166666666667,0.95125
custom_scm,datgan,known_dag,100,304,91.25504612922668,91.58583283424376,0.2955764606889223,0.4365833333333334,0.91925
custom_scm,datgan,known_dag,100,305,152.76514220237732,153.23890948295593,0.4531688738320775,0.4779166666666667,0.94375
custom_scm,datgan,known_dag,100,306,93.50351643562315,93.78116822242735,0.154584367004773,0.4221666666666667,0.8975
custom_scm,datgan,known_dag,100,307,95.68923091888428,95.99140548706056,0.2730083837493402,0.4979166666666667,0.985
custom_scm,datgan,known_dag,100,308,95.18000435829164,95.51050066947936,0.5239888655962949,0.57825,0.957
custom_scm,datgan,known_dag,100,309,94.3619077205658,94.67955923080444,0.1151503348012324,0.446,0.92375
custom_scm,datgan,known_dag,100,310,152.61644005775452,153.13099026679993,0.3818244424111387,0.4605833333333334,0.959
custom_scm,datgan,known_dag,100,311,96.002028465271,96.31142735481262,0.5386725869175633,0.5495,0.98075
custom_scm,datgan,known_dag,100,312,96.29620718955994,96.5913541316986,0.3921827301143086,0.3980000000000001,0.90375
custom_scm,datgan,known_dag,100,313,96.80818343162537,97.10699224472046,0.0684419922617246,0.4448333333333333,0.88425
custom_scm,datgan,known_dag,100,314,93.32942199707033,93.6612343788147,0.2909827504450104,0.4366666666666667,0.8939999999999999
custom_scm,datgan,known_dag,100,315,153.0748312473297,153.5678014755249,0.3095995720640366,0.4090833333333334,0.8885000000000001
custom_scm,datgan,known_dag,100,316,94.56799364089966,94.8790237903595,0.9857019093337372,0.4531666666666667,0.96325
custom_scm,datgan,known_dag,100,317,97.02524185180664,97.32954716682434,0.4728313324061246,0.4221666666666667,0.943
custom_scm,datgan,known_dag,100,318,96.35882544517516,96.67693495750429,0.3737936128618146,0.4710000000000001,0.928
custom_scm,datgan,known_dag,100,319,94.35159754753111,94.67142939567566,0.1998315732028451,0.4306666666666667,0.93475
custom_scm,datgan,known_dag,100,320,153.2364022731781,153.71661138534546,0.1096544868929659,0.4205,0.91275
custom_scm,datgan,known_dag,100,321,95.88831496238708,96.18137884140016,0.8459271836559746,0.509,0.97
custom_scm,datgan,known_dag,100,322,94.8878412246704,95.20828676223756,0.1138364126723597,0.4475,0.93825
custom_scm,datgan,known_dag,100,323,97.34936237335204,97.65138006210329,0.4727848742089272,0.466,0.93825
custom_scm,datgan,known_dag,100,324,94.7114188671112,95.01009464263916,0.3411058172615684,0.4714166666666666,0.93925
custom_scm,datgan,known_dag,100,325,152.11381077766418,152.83431577682495,1.0589301743938275,0.5549166666666667,0.959
custom_scm,datgan,known_dag,100,326,93.9661614894867,94.2820451259613,0.1817070387195279,0.45375,0.9275
custom_scm,datgan,known_dag,100,327,96.52630949020386,96.8461410999298,0.4172843214953732,0.5112500000000001,0.965
custom_scm,datgan,known_dag,100,328,95.40040636062622,95.72937774658205,0.115927216417514,0.39675,0.90325
custom_scm,datgan,known_dag,100,329,93.94843816757202,94.27570486068726,0.1685605141083454,0.4535,0.94225
custom_scm,datgan,known_dag,100,330,148.2317831516266,149.28216576576233,0.1182561211859679,0.4220833333333334,0.9275
custom_scm,datgan,known_dag,100,331,89.44937539100647,89.74968528747559,0.196555162779203,0.507,0.95075
custom_scm,datgan,known_dag,100,332,89.05071997642517,89.35010528564453,0.2632787778186478,0.44775,0.94425
custom_scm,datgan,known_dag,100,333,89.09427547454834,89.41243314743042,0.1638161303786544,0.4897500000000001,0.92325
custom_scm,datgan,known_dag,100,334,89.37717771530151,89.69107270240784,0.1640379808185822,0.4333333333333333,0.931
custom_scm,datgan,known_dag,100,335,148.23817801475525,149.28205132484436,0.2371103983869038,0.4040833333333333,0.91975
custom_scm,datgan,known_dag,100,336,88.87040328979492,89.17695236206055,0.1666602542708914,0.4266666666666667,0.89825
custom_scm,datgan,known_dag,100,337,89.1467113494873,89.45630431175232,0.0632322043618422,0.3931666666666666,0.88225
custom_scm,datgan,known_dag,100,338,88.02995419502258,88.34940147399902,0.5803792494610225,0.4541666666666666,0.92575
custom_scm,datgan,known_dag,100,339,89.61143183708191,89.93418073654175,0.4120835078796278,0.4680833333333334,0.943
custom_scm,datgan,known_dag,200,360,153.56481623649597,154.03005576133728,0.4026934648768948,0.4379166666666667,0.90775
custom_scm,datgan,known_dag,200,361,93.6280586719513,93.91353130340576,0.0534424456944135,0.41625,0.8614999999999999
custom_scm,datgan,known_dag,200,362,94.20675349235536,94.5333287715912,0.1399737888926771,0.4236666666666667,0.9275
custom_scm,datgan,known_dag,200,363,95.6629445552826,95.98566317558289,0.1785988892187653,0.438,0.91475
custom_scm,datgan,known_dag,200,364,95.4039523601532,95.71447706222534,0.0638317380106336,0.4720833333333334,0.88525
custom_scm,datgan,known_dag,200,365,154.03902530670166,154.48965287208557,0.2175540865852456,0.4118333333333333,0.88
custom_scm,datgan,known_dag,200,366,95.83559846878052,96.12511897087096,0.0902702460062612,0.40225,0.8554999999999999
custom_scm,datgan,known_dag,200,367,96.0395166873932,96.32754850387572,0.2632697240210327,0.4555833333333334,0.905
custom_scm,datgan,known_dag,200,368,96.36059498786926,96.66214752197266,0.1071380298299781,0.5103333333333334,0.91975
custom_scm,datgan,known_dag,200,369,95.52404737472534,95.82565879821776,0.0493609693536579,0.4424166666666667,0.87975
custom_scm,datgan,known_dag,200,370,153.63550662994385,154.09613037109375,0.5734111689330542,0.4455833333333334,0.94775
custom_scm,datgan,known_dag,200,371,94.35679340362547,94.65719652175903,0.0668283715783271,0.4095833333333333,0.8815
custom_scm,datgan,known_dag,200,372,94.78178453445436,95.10883069038393,0.1694312816349098,0.4198333333333333,0.85225
custom_scm,datgan,known_dag,200,373,95.12660956382751,95.44582319259644,0.1141204710876703,0.481,0.93175
custom_scm,datgan,known_dag,200,374,94.45036602020264,94.76857686042786,0.1248228082104675,0.45725,0.934
custom_scm,datgan,known_dag,200,375,152.45736980438232,152.951580286026,0.2931306051093446,0.41825,0.90625
custom_scm,datgan,known_dag,200,376,95.8355474472046,96.13494443893433,0.4849418241431393,0.429,0.91925
custom_scm,datgan,known_dag,200,377,96.02949357032776,96.3451464176178,0.2717854431274085,0.43025,0.93175
custom_scm,datgan,known_dag,200,378,97.43893218040466,97.74289608001708,0.0920390822381271,0.3874166666666667,0.8580000000000001
custom_scm,datgan,known_dag,200,379,95.1481397151947,95.46905207633972,0.4263122781882167,0.5202500000000001,0.9475
custom_scm,datgan,known_dag,200,380,153.16821122169495,153.63582277297974,0.5975749980528827,0.45725,0.9525
custom_scm,datgan,known_dag,200,381,97.26016616821288,97.55078673362732,0.7990029396632258,0.5590833333333333,0.9705
custom_scm,datgan,known_dag,200,382,95.62890648841858,95.93270349502563,0.1448002826934243,0.3960000000000001,0.85625
custom_scm,datgan,known_dag,200,383,96.475182056427,96.76681923866272,0.09150943411475,0.4129166666666666,0.90025
custom_scm,datgan,known_dag,200,384,93.61330795288086,93.9092502593994,0.2154231584035276,0.443,0.91675
custom_scm,datgan,known_dag,200,385,153.71724724769592,154.3227071762085,0.3672150760318287,0.40975,0.95325
custom_scm,datgan,known_dag,200,386,96.60753536224364,96.88091921806335,0.1633661227481242,0.4555833333333334,0.88525
custom_scm,datgan,known_dag,200,387,96.99028182029724,97.270001411438,0.7797485321382425,0.4984999999999999,0.9465
custom_scm,datgan,known_dag,200,388,95.56252074241638,95.83650231361388,0.263702284466617,0.3810833333333334,0.8975
custom_scm,datgan,known_dag,200,390,95.67018461227416,95.95442986488342,0.1318354425173911,0.4848333333333334,0.9385
custom_scm,datgan,known_dag,200,391,153.30798602104187,154.32139492034912,0.0926489208577821,0.39425,0.8807499999999999
custom_scm,datgan,known_dag,200,392,95.41958260536194,95.7180392742157,0.4347527541354294,0.4496666666666666,0.89325
custom_scm,datgan,known_dag,200,393,97.17058277130128,97.4630482196808,0.1869094456679891,0.4145,0.93275
custom_scm,datgan,known_dag,200,394,96.32483839988708,96.61401844024658,0.299493526355949,0.5288333333333335,0.97275
custom_scm,datgan,known_dag,200,395,93.55004811286926,93.87636733055116,0.0708319969536326,0.4475,0.88775
custom_scm,datgan,known_dag,200,396,153.6552848815918,154.32211685180664,0.2116120565621506,0.44475,0.9465
custom_scm,datgan,known_dag,200,397,95.3984706401825,95.6989758014679,0.4299306528542317,0.4625000000000001,0.91775
custom_scm,datgan,known_dag,200,398,96.2360818386078,96.55055356025696,0.1249913088407346,0.4425,0.926
custom_scm,datgan,known_dag,200,399,94.99149799346924,95.3081579208374,0.1484301811580014,0.3853333333333333,0.8845000000000001
custom_scm,datgan,known_dag,200,400,96.46298241615295,96.76410412788393,0.0733870324765619,0.4234166666666667,0.8745
custom_scm,datgan,known_dag,200,401,154.3729944229126,154.82873702049255,0.2072172443313617,0.4048333333333334,0.8799999999999999
custom_scm,datgan,known_dag,200,402,96.3409023284912,96.62728309631348,0.1453420341361873,0.3937500000000001,0.8525
custom_scm,datgan,known_dag,200,403,96.329931974411,96.60982990264893,0.1351814588966793,0.40725,0.8919999999999999
custom_scm,datgan,known_dag,200,404,95.8002655506134,96.0770308971405,0.0571717464740547,0.3945833333333334,0.8594999999999999
custom_scm,datgan,known_dag,200,405,95.98799061775208,96.28645706176758,0.0928654227357699,0.4774166666666666,0.92375
custom_scm,datgan,known_dag,200,406,153.72249150276184,154.32282090187073,0.2194454741962843,0.3819166666666667,0.8605
custom_scm,datgan,known_dag,200,407,96.99744844436646,97.27668380737305,0.7455037989020793,0.4695,0.945
custom_scm,datgan,known_dag,200,408,95.33030366897584,95.62240958213806,0.1112641753175231,0.43475,0.87275
custom_scm,datgan,known_dag,200,409,96.542094707489,96.83107209205627,0.2080700055850383,0.452,0.94825
custom_scm,datgan,known_dag,200,410,95.44847893714903,95.76464366912842,0.3850059512799291,0.48,0.94625
custom_scm,datgan,known_dag,200,411,153.7350070476532,154.322124004364,0.2867320240730327,0.4053333333333334,0.913
custom_scm,datgan,known_dag,200,412,95.34887552261353,95.64823627471924,0.3131660220273621,0.4596666666666666,0.93325
custom_scm,datgan,known_dag,200,413,94.84253406524658,95.1759707927704,0.3911593393907103,0.4765000000000001,0.96325
custom_scm,datgan,known_dag,200,414,95.79799675941469,96.12988233566284,0.3204467061844839,0.4165833333333333,0.916
custom_scm,datgan,known_dag,200,415,95.1559522151947,95.47651648521423,0.1712332030160624,0.461,0.93875
custom_scm,datgan,known_dag,200,416,153.82028341293335,154.50846648216248,0.1640406250001075,0.3991666666666666,0.8805
custom_scm,datgan,known_dag,200,417,96.6544828414917,96.93836641311646,0.5121234095601485,0.4630000000000001,0.949
custom_scm,datgan,known_dag,200,418,95.4514935016632,95.73292255401611,0.1457089520486857,0.482,0.863
custom_scm,datgan,known_dag,200,419,96.37786626815796,96.68079781532288,0.0624994100701994,0.4781666666666667,0.951
custom_scm,datgan,known_dag,200,420,95.48597025871275,95.80655312538148,0.1032168283775455,0.3903333333333334,0.8620000000000001
custom_scm,datgan,known_dag,200,421,284.92340564727783,289.29697728157043,0.2267351347327598,0.4406666666666667,0.9035
custom_scm,datgan,known_dag,200,422,168.29740929603577,168.6797239780426,0.1827042616065558,0.4915,0.97025
custom_scm,datgan,known_dag,200,423,172.6206030845642,172.96838068962097,0.0697359244994728,0.4799166666666667,0.90975
custom_scm,datgan,known_dag,200,424,173.30251836776733,173.79300689697266,0.2757796927335745,0.4554166666666666,0.893
custom_scm,datgan,known_dag,200,425,175.0085756778717,175.3776228427887,0.2741084526370325,0.4350833333333333,0.9215
custom_scm,datgan,known_dag,200,426,396.4737441539765,397.13991689682007,0.2080112918259672,0.4768333333333334,0.9245
custom_scm,datgan,known_dag,200,427,306.5532557964325,306.96188950538635,0.1821205655725947,0.4555,0.929
custom_scm,datgan,known_dag,200,428,304.75416016578674,305.16921949386597,0.6375440826366708,0.4761666666666667,0.9315
custom_scm,datgan,known_dag,200,429,302.832804441452,303.2040638923645,0.2866475865314545,0.3750833333333334,0.8574999999999999
custom_scm,datgan,known_dag,200,430,300.20018553733826,300.57867908477783,0.2451799554410343,0.7145833333333335,0.99675
custom_scm,datgan,known_dag,200,431,388.7917928695678,391.456686258316,0.1822981835045351,0.4635833333333334,0.94225
custom_scm,datgan,known_dag,200,432,290.1364469528198,290.5363595485687,0.2023413151395681,0.3901666666666667,0.868
custom_scm,datgan,known_dag,200,433,288.9780011177063,289.35026383399963,0.0710164467836888,0.3919166666666667,0.8572500000000001
custom_scm,datgan,known_dag,200,434,288.3485336303711,288.72758436203003,0.1245477450905306,0.4355833333333334,0.85875
custom_scm,datgan,known_dag,200,435,292.89103388786316,293.29490971565247,0.1442422242770873,0.4096666666666667,0.86025
custom_scm,datgan,known_dag,200,436,283.45043540000916,284.6319818496704,0.6674019706313011,0.4133333333333334,0.92325
custom_scm,datgan,known_dag,200,437,178.84374451637268,179.25971484184265,0.6447095763262676,0.46475,0.94925
custom_scm,datgan,known_dag,200,438,182.4489579200745,182.85415506362915,0.1026130174320395,0.4014999999999999,0.8867499999999999
custom_scm,datgan,known_dag,200,439,178.78591084480286,179.20575284957886,0.0738630236051847,0.42375,0.91875
custom_scm,datgan,known_dag,200,440,178.2651822566986,178.73555397987366,0.1347786824120359,0.4801666666666667,0.98275
custom_scm,datgan,known_dag,200,441,280.53781247138977,284.65583395957947,0.1560616377066012,0.47275,0.899
custom_scm,datgan,known_dag,200,442,179.83348894119263,180.24266481399536,0.1762863713493511,0.4054166666666667,0.8405
custom_scm,datgan,known_dag,200,443,177.40974283218384,177.8607461452484,0.2392483100056078,0.392,0.8765000000000001
custom_scm,datgan,known_dag,200,444,183.39301085472107,183.82370829582217,0.1497499921330927,0.4071666666666667,0.87175
custom_scm,datgan,known_dag,200,445,181.21332097053528,181.6277053356171,0.0972923874571835,0.42225,0.93875
custom_scm,datgan,known_dag,200,446,159.25014901161194,160.50693917274475,0.2787169474157805,0.45025,0.93
custom_scm,datgan,known_dag,200,447,100.21532773971558,100.53937315940856,0.092058904300357,0.4225833333333333,0.86575
custom_scm,datgan,known_dag,200,448,100.91550803184508,101.2193853855133,0.0984749365118635,0.40275,0.8515
custom_scm,datgan,known_dag,200,449,100.83833408355711,101.17828273773192,0.2490606827350662,0.3978333333333334,0.8879999999999999
custom_scm,datgan,known_dag,200,450,103.03646564483644,103.37475633621216,0.0542275311086432,0.4007500000000001,0.85225
custom_scm,datgan,known_dag,200,451,160.04750418663025,160.56881427764893,0.2533732289440416,0.4740833333333334,0.98025
custom_scm,datgan,known_dag,200,452,100.07539701461792,100.4181694984436,0.0916990707958092,0.4328333333333334,0.89775
custom_scm,datgan,known_dag,200,453,99.89115786552428,100.21750712394714,0.1470267742080485,0.4069166666666666,0.8945
custom_scm,datgan,known_dag,200,454,100.53602528572084,100.86849927902222,0.0905306939396972,0.4319166666666667,0.872
custom_scm,datgan,known_dag,200,455,100.46058940887453,100.81268119812012,0.1213048304137063,0.4901666666666666,0.9555
custom_scm,datgan,known_dag,200,457,159.6977345943451,160.50675773620603,0.0473591785048617,0.4205833333333333,0.87075
custom_scm,datgan,known_dag,200,458,101.3947286605835,101.72163701057434,0.3572023598643797,0.4175,0.92375
custom_scm,datgan,known_dag,200,459,100.87525463104248,101.18181991577148,0.381911470954116,0.4178333333333334,0.9295
custom_scm,datgan,known_dag,200,460,101.59369468688963,101.91575646400452,0.2123106774211448,0.4316666666666667,0.856
custom_scm,datgan,known_dag,200,461,100.03253173828124,100.37233710289,0.7460196983759496,0.4426666666666667,0.9515
custom_scm,datgan,known_dag,500,481,207.7638614177704,208.2878963947296,0.1153775930354518,0.3630833333333334,0.87925
custom_scm,datgan,known_dag,500,482,144.54721927642822,145.02117943763733,0.5193618693875682,0.4908333333333334,0.9645
custom_scm,datgan,known_dag,500,483,145.3246340751648,145.66717100143433,0.5787650484783873,0.4370833333333334,0.93875
custom_scm,datgan,known_dag,500,484,141.48429131507874,141.81568145751953,0.1518460902488607,0.3851666666666667,0.88525
custom_scm,datgan,known_dag,500,485,152.67261815071106,152.9668128490448,0.2347885182037095,0.426,0.93
custom_scm,datgan,known_dag,500,486,464.88685870170593,465.79062008857727,0.5772483745070787,0.4470833333333333,0.9385
custom_scm,datgan,known_dag,500,487,385.4007444381714,385.8245706558227,0.6184141676494282,0.5059166666666667,0.96075
custom_scm,datgan,known_dag,500,488,379.93971276283264,380.3295772075653,0.1714911347588336,0.3776666666666666,0.8494999999999999
custom_scm,datgan,known_dag,500,489,377.8830165863037,378.3374285697937,0.1395682127554825,0.3854999999999999,0.8895
custom_scm,datgan,known_dag,500,490,370.552209854126,370.987199306488,0.1964314011624829,0.40825,0.9155
custom_scm,datgan,known_dag,500,491,444.9956269264221,448.47241854667664,0.1217216091342898,0.3880833333333333,0.8775
custom_scm,datgan,known_dag,500,492,334.0445041656494,334.4084312915802,0.3220964863403228,0.4130833333333333,0.907
custom_scm,datgan,known_dag,500,493,335.7145519256592,336.0898826122284,0.4473322849417487,0.4166666666666667,0.94825
custom_scm,datgan,known_dag,500,494,339.6324143409729,340.052433013916,0.2237656572977262,0.4506666666666667,0.901
custom_scm,datgan,known_dag,500,495,341.3242144584656,341.7454514503479,0.1613942378299733,0.411,0.8694999999999999
custom_scm,datgan,known_dag,500,496,203.0886192321777,203.69924306869507,0.1641445092334221,0.4283333333333334,0.9075
custom_scm,datgan,known_dag,500,497,145.3073604106903,145.60363268852234,0.4127499070498754,0.40775,0.92725
custom_scm,datgan,known_dag,500,498,144.2787892818451,144.55393505096436,0.2557388980105995,0.4219166666666667,0.92575
custom_scm,datgan,known_dag,500,499,142.84776186943054,143.1273820400238,0.3768865079389304,0.3990833333333334,0.9235
custom_scm,datgan,known_dag,500,500,144.73045301437378,145.02765893936157,0.3339020158332104,0.4415,0.9415
custom_scm,datgan,known_dag,500,501,200.22360754013064,201.10559105873108,0.1781859020107556,0.3960000000000001,0.8565
custom_scm,datgan,known_dag,500,502,144.6809742450714,145.03574013710022,0.233457647854352,0.3885833333333333,0.921
custom_scm,datgan,known_dag,500,503,142.8749098777771,143.25090742111206,0.4625902685490706,0.4713333333333334,0.93975
custom_scm,datgan,known_dag,500,504,140.97756338119507,141.33880925178528,0.6366632403929269,0.4536666666666667,0.96
custom_scm,datgan,known_dag,500,505,140.91505122184753,141.27196145057678,0.3010308691202591,0.3979166666666667,0.928
custom_scm,datgan,known_dag,500,506,202.810968875885,203.28692197799683,0.296718198243095,0.47375,0.95525
custom_scm,datgan,known_dag,500,507,145.2193639278412,145.5593967437744,0.2576064419345181,0.3790833333333334,0.892
custom_scm,datgan,known_dag,500,508,144.39089465141296,144.66913175582886,0.2649006678693253,0.41525,0.929
custom_scm,datgan,known_dag,500,509,143.38322854042053,143.67412161827087,0.1536763894628299,0.3947500000000001,0.899
custom_scm,datgan,known_dag,500,510,139.1825625896454,139.50864934921265,0.0630901105293206,0.4434166666666667,0.8640000000000001
custom_scm,datgan,known_dag,500,511,204.6183717250824,205.06984090805057,0.1298062174565562,0.3665,0.8422499999999999
custom_scm,datgan,known_dag,500,512,146.5013279914856,146.80252861976624,0.3153183627599984,0.4058333333333334,0.91625
custom_scm,datgan,known_dag,500,513,148.12417125701904,148.41778755187988,0.2176862023283745,0.4061666666666667,0.92025
custom_scm,datgan,known_dag,500,514,144.84334063529968,145.1404173374176,0.3603881246216031,0.419,0.9305
custom_scm,datgan,known_dag,500,515,143.63514018058777,143.91919779777527,0.2068320404533441,0.3861666666666667,0.92
custom_scm,datgan,known_dag,500,516,201.4079658985138,201.9349679946899,0.2742937379537072,0.405,0.92525
custom_scm,datgan,known_dag,500,517,142.93927335739136,143.28600645065308,0.1760512727664282,0.4189166666666667,0.913
custom_scm,datgan,known_dag,500,518,140.86026811599731,141.22959756851196,0.2175464343561943,0.4553333333333333,0.95825
custom_scm,datgan,known_dag,500,519,140.02084922790527,140.34720396995544,0.1584770498459825,0.3831666666666667,0.888
custom_scm,datgan,known_dag,500,520,137.9900631904602,138.34734869003296,0.2237379562983509,0.4026666666666667,0.8959999999999999
custom_scm,datgan,known_dag,500,521,202.0920569896698,202.5952718257904,0.528880287726727,0.4373333333333333,0.959
custom_scm,datgan,known_dag,500,522,147.0003263950348,147.29182982444763,0.3470542525833021,0.3876666666666666,0.902
custom_scm,datgan,known_dag,500,523,143.15370416641235,143.45752930641174,0.6081060448977921,0.4839166666666667,0.9375
custom_scm,datgan,known_dag,500,524,142.80253171920776,143.0983109474182,0.3825875839424916,0.4183333333333333,0.94425
custom_scm,datgan,known_dag,500,525,142.37563705444336,142.6780469417572,0.3966284505247636,0.4888333333333334,0.96925
custom_scm,datgan,known_dag,500,526,202.80394506454468,203.27130603790283,0.1004723193652243,0.4055,0.90275
custom_scm,datgan,known_dag,500,527,144.93296146392822,145.26341128349304,0.445924781952295,0.4121666666666666,0.869
custom_scm,datgan,known_dag,500,528,142.55016088485718,142.87624549865723,0.5018997790751716,0.44275,0.9395
custom_scm,datgan,known_dag,500,529,143.45810723304749,143.79212141036987,0.1979887160093771,0.3970833333333334,0.9145
custom_scm,datgan,known_dag,500,530,142.56328988075256,142.9038405418396,0.5225369668283973,0.4625000000000001,0.96025
custom_scm,datgan,known_dag,500,531,203.1951243877411,203.68145728111267,0.7889368748976855,0.3870833333333334,0.9335
custom_scm,datgan,known_dag,500,532,144.75544595718384,145.08102416992188,0.1150388481534986,0.39875,0.8805000000000001
custom_scm,datgan,known_dag,500,533,146.63712739944458,146.9327085018158,0.2496297346417414,0.4248333333333333,0.9385
custom_scm,datgan,known_dag,500,534,144.06186604499817,144.3566815853119,0.1024304610681377,0.38025,0.8580000000000001
custom_scm,datgan,known_dag,500,535,144.56949615478516,144.87914538383484,0.2479278657883191,0.4111666666666667,0.9295
custom_scm,datgan,known_dag,500,536,203.49623084068295,203.9587709903717,0.5633582531827537,0.4252499999999999,0.927
custom_scm,datgan,known_dag,500,537,146.05090045928955,146.33487725257874,0.4266929885960246,0.438,0.907
custom_scm,datgan,known_dag,500,538,143.57800817489624,143.9045376777649,0.1951552897353256,0.4006666666666667,0.88775
custom_scm,datgan,known_dag,500,539,143.88161873817444,144.19940376281738,0.521392944108304,0.4279166666666666,0.9545
custom_scm,datgan,known_dag,500,540,143.79895067214966,144.11627507209778,0.3614646627673996,0.4409166666666667,0.9505
custom_scm,datgan,known_dag,500,541,202.19100832939148,202.73361682891849,0.1329850632832633,0.4089166666666667,0.8692500000000001
custom_scm,datgan,known_dag,500,542,143.9566662311554,144.3054323196411,0.2246188770402954,0.4334166666666667,0.9485
custom_scm,datgan,known_dag,500,543,145.80536341667175,146.16815900802612,0.3589853407500883,0.4615833333333333,0.92725
custom_scm,datgan,known_dag,500,544,144.88995480537417,145.21656203269958,0.9340819104875816,0.4624166666666667,0.934
custom_scm,datgan,known_dag,500,545,143.4499123096466,143.7710998058319,0.1981494857165087,0.4068333333333334,0.89125
custom_scm,datgan,known_dag,500,546,203.88925433158877,204.34281373023987,0.1308798579102684,0.40875,0.893
custom_scm,datgan,known_dag,500,547,146.53551721572876,146.8029587268829,0.2507778335003185,0.3960833333333333,0.931
custom_scm,datgan,known_dag,500,548,148.1849980354309,148.46348333358765,0.1597432489117465,0.4248333333333333,0.91325
custom_scm,datgan,known_dag,500,549,145.57020688056946,145.84701681137085,0.1372266107888106,0.4024166666666667,0.88225
custom_scm,datgan,known_dag,500,550,146.00321555137634,146.27775239944458,0.0804880738530519,0.4167500000000001,0.8745
custom_scm,datgan,known_dag,500,551,201.25197744369507,201.7290396690369,0.5749527633555556,0.4635833333333334,0.934
custom_scm,datgan,known_dag,500,552,144.9622185230255,145.24807047843933,0.2307462208154033,0.4336666666666667,0.929
custom_scm,datgan,known_dag,500,553,144.1124336719513,144.4115264415741,0.176286064615127,0.3840833333333333,0.89825
custom_scm,datgan,known_dag,500,554,143.6753692626953,143.97509169578552,0.2690790541622503,0.40625,0.91925
custom_scm,datgan,known_dag,500,555,142.84962105751038,143.12714457511902,0.234972806044846,0.3948333333333333,0.9185
custom_scm,datgan,known_dag,500,556,198.58748078346252,201.04918670654297,0.3166694070343016,0.431,0.893
custom_scm,datgan,known_dag,500,557,143.9611299037933,144.2988224029541,0.3230362908307647,0.4154166666666667,0.9415
custom_scm,datgan,known_dag,500,558,143.9472143650055,144.27523112297058,0.4081464300869669,0.40725,0.91525
custom_scm,datgan,known_dag,500,559,142.63999462127686,142.95114636421204,0.5375726913523589,0.39975,0.902
custom_scm,datgan,known_dag,500,560,143.1734230518341,143.51234459877014,0.1798810239179528,0.46875,0.90975
custom_scm,datgan,known_dag,500,561,198.67658758163452,201.049462556839,0.2922870814630364,0.411,0.911
custom_scm,datgan,known_dag,500,562,143.00436687469482,143.363703250885,0.1966209955042781,0.40925,0.91325
custom_scm,datgan,known_dag,500,563,143.88255977630615,144.25057578086853,0.606175787832666,0.4738333333333333,0.95125
custom_scm,datgan,known_dag,500,564,142.30765914916992,142.637273311615,0.3265068738034501,0.3983333333333334,0.9105
custom_scm,datgan,known_dag,500,565,141.63588190078735,141.9921383857727,0.3088518303875218,0.4426666666666667,0.90725
custom_scm,datgan,known_dag,500,566,475.43733954429626,476.3593192100525,0.2442403613241848,0.4376666666666667,0.9305
custom_scm,datgan,known_dag,500,567,372.3028874397278,372.9806821346283,0.2283767825560174,0.4728333333333334,0.86975
custom_scm,datgan,known_dag,500,568,368.76015424728394,369.4206163883209,0.1740626703815169,0.4316666666666667,0.942
custom_scm,datgan,known_dag,500,569,368.9854009151459,369.42343163490295,0.3386021543677847,0.3606666666666667,0.8847499999999999
custom_scm,datgan,known_dag,500,570,364.5057575702667,364.90348625183105,0.4270725626713398,0.3941666666666667,0.936
custom_scm,datgan,known_dag,500,571,438.67436718940735,442.02803206443787,0.4484593631146726,0.3980833333333333,0.93225
custom_scm,datgan,known_dag,500,572,341.8306510448456,342.2083103656769,0.2433608040646562,0.4205000000000001,0.92425
custom_scm,datgan,known_dag,500,573,343.0101478099823,343.3887550830841,0.5750367298419142,0.446,0.925
custom_scm,datgan,known_dag,500,574,343.9911813735962,344.40197801589966,0.2249740059193955,0.3895,0.90875
custom_scm,datgan,known_dag,500,575,343.7207832336426,344.0748710632324,0.2998964259935684,0.417,0.905
custom_scm,datgan,known_dag,500,576,176.25623440742493,177.705148935318,0.2215865329912192,0.3903333333333334,0.91175
custom_scm,datgan,known_dag,500,577,112.95239424705504,113.23554301261902,0.2937520128849284,0.4068333333333334,0.9125
custom_scm,datgan,known_dag,500,578,113.9097752571106,114.23766613006592,0.128820808577284,0.37975,0.865
custom_scm,datgan,known_dag,500,580,113.28570556640624,113.55668377876282,0.3849149642292213,0.4744166666666666,0.936
custom_scm,datgan,known_dag,500,581,109.64360165596008,109.9205482006073,0.3714700939780471,0.4488333333333333,0.92525
