dataset,train_size,effect,ci_lower,ci_upper,p_value,p_holm,metric,is_significant
csuite_large_backdoor,20,-0.0340058924884074,-0.0632096242173133,-0.0042890408124867,0.0112754119116371,0.0225508238232742,correlation_matrix_difference,True
csuite_large_backdoor,50,-0.03252200374458,-0.0589541293809127,-0.0063464852681009,0.0061374741651446,0.0122749483302892,correlation_matrix_difference,True
csuite_large_backdoor,100,-0.0374728238268378,-0.0650985744015772,-0.0083197511835556,0.0021375501862175,0.0064126505586527,correlation_matrix_difference,True
csuite_large_backdoor,200,-0.0181715270409825,-0.0435174526664503,0.0050718534730094,0.0411153431031887,0.1183228518979581,correlation_matrix_difference,False
csuite_large_backdoor,500,0.0073160857681976,-0.0166398469910888,0.0302506406958696,0.4151392918786695,1.0,correlation_matrix_difference,False
csuite_mixed_confounding,20,-0.0085369408456491,-0.0295074161701722,0.0133927575888763,0.3104368435680937,0.9313105307042812,correlation_matrix_difference,False
csuite_mixed_confounding,50,-0.0206533903738235,-0.04309423887955,0.0009373570386613,0.031366544244026,0.0627330884880521,correlation_matrix_difference,False
csuite_mixed_confounding,100,-0.0432059052471759,-0.0612777874567527,-0.0240456633478223,3.37419723946397e-05,3.37419723946397e-05,correlation_matrix_difference,True
csuite_mixed_confounding,200,-0.0027793756025811,-0.0165057896536865,0.0111796060259556,0.6773827047880141,0.6773827047880141,correlation_matrix_difference,False
csuite_mixed_confounding,500,0.0616818056066178,0.0406451776680573,0.0811020242440477,3.062668006717588e-10,1.072273331845267e-09,correlation_matrix_difference,True
csuite_mixed_simpson,20,-0.011077262511754,-0.0418908506696657,0.019639220677968,0.3568045448109593,1.0,correlation_matrix_difference,False
csuite_mixed_simpson,50,-0.0028698156134702,-0.0274682133130395,0.0202724376321432,0.7674623006604582,1.0,correlation_matrix_difference,False
csuite_mixed_simpson,100,0.006552711883273,-0.0089376941347082,0.0229013126219798,0.3305304748161958,0.3305304748161958,correlation_matrix_difference,False
csuite_mixed_simpson,200,-0.0051045482812459,-0.0211392004380182,0.0096733353061318,0.4014966599965911,0.8029933199931822,correlation_matrix_difference,False
csuite_mixed_simpson,500,0.0115956284910307,-0.0040638022499946,0.02587870159142,0.0500138909344936,0.2500694546724681,correlation_matrix_difference,False
csuite_nonlin_simpson,20,-0.0067205538649651,-0.0393166129126828,0.0228912399259513,0.5359832452872442,1.0,correlation_matrix_difference,False
csuite_nonlin_simpson,50,-0.0157625055441733,-0.0351976550524565,0.0028380533171945,0.0333103059384492,0.1332412237537969,correlation_matrix_difference,False
csuite_nonlin_simpson,100,-0.0112349008637621,-0.0258344683665179,0.001877771101673,0.0378248048880056,0.1134744146640169,correlation_matrix_difference,False
csuite_nonlin_simpson,200,-0.0043613202552269,-0.0155044240466642,0.0071773353943622,0.351447114355442,0.4519666590978655,correlation_matrix_difference,False
csuite_nonlin_simpson,500,-0.0095648673092924,-0.0213650000068135,0.0025623525635555,0.0319117171852202,0.1914703031113214,correlation_matrix_difference,False
csuite_symprod_simpson,20,0.0404235881497673,0.0061659554449208,0.0757835280233008,0.0028728286282878,0.0114913145131513,correlation_matrix_difference,True
csuite_symprod_simpson,50,0.0253334371583599,-0.0049951612247768,0.0578689407086718,0.0297787141153842,0.1488935705769213,correlation_matrix_difference,False
csuite_symprod_simpson,100,-0.001289179503003,-0.0257395450002095,0.0237683495390842,0.8878926004885652,1.0,correlation_matrix_difference,False
csuite_symprod_simpson,200,-0.0179634317184528,-0.037144687139329,0.0024203748670257,0.0214346652998793,0.1071733264993965,correlation_matrix_difference,False
csuite_symprod_simpson,500,-0.0108350878461022,-0.0290932480800475,0.0066807506335509,0.0988619840478821,0.3954479361915287,correlation_matrix_difference,False
csuite_weak_arrows,20,0.0652772343801632,0.0287571059665779,0.1033456210863317,0.0001759815341563,0.0003519630683126,correlation_matrix_difference,True
csuite_weak_arrows,50,0.0423248287832974,0.010788635580718,0.0783109099633224,0.0029710961771372,0.0059421923542745,correlation_matrix_difference,True
csuite_weak_arrows,100,-0.0147785823867748,-0.046877182774015,0.0232603406805186,0.3843571402742828,0.7687142805485656,correlation_matrix_difference,False
csuite_weak_arrows,200,-0.0123431630316613,-0.036145024582279,0.0128415718765258,0.3461409289190746,0.3461409289190746,correlation_matrix_difference,False
csuite_weak_arrows,500,0.0133677172640106,-0.0097340647060361,0.0330666996108098,0.2328307124787141,0.2328307124787141,correlation_matrix_difference,False
custom_scm,20,-0.0247608614354823,-0.0752810984063513,0.0254527485983359,0.2637995846253631,0.4698690792731956,correlation_matrix_difference,False
custom_scm,50,-0.0180036847690481,-0.0429117598782376,0.0065147334123078,0.1002755406234721,0.2005510812469443,correlation_matrix_difference,False
custom_scm,100,0.0037189718924803,-0.0165451343226342,0.023133978889188,0.6623526798628128,0.6623526798628128,correlation_matrix_difference,False
custom_scm,200,-0.0082150168856708,-0.025182841118188,0.0091754880483508,0.2757356210934105,0.2757356210934105,correlation_matrix_difference,False
custom_scm,500,-0.0105439206594482,-0.025551755207791,0.0045608494458586,0.0933661297988827,0.2800983893966483,correlation_matrix_difference,False
csuite_large_backdoor,20,-0.0007847222222222,-0.0024722222222222,0.0009305555555555,0.2465707855818643,0.7397123567455929,k_marginal_tvd,False
csuite_large_backdoor,50,-0.0013472222222221,-0.0024236111111111,-0.0002291666666666,0.0036881965237372,0.0110645895712118,k_marginal_tvd,True
csuite_large_backdoor,100,-0.002375,-0.0035347222222222,-0.0010902777777776,4.215212434450588e-06,2.5291274606703532e-05,k_marginal_tvd,True
csuite_large_backdoor,200,-0.0026284722222222,-0.0038333333333333,-0.0015694444444444,2.709238532585007e-09,1.6255431195510045e-08,k_marginal_tvd,True
csuite_large_backdoor,500,-0.0025972222222223,-0.0034097222222222,-0.0017569444444443,2.535554867869568e-10,7.606664603608702e-10,k_marginal_tvd,True
csuite_mixed_confounding,20,-0.0017613636363635,-0.0036628787878788,-1.5151515151551331e-05,0.0159409059071886,0.047822717721566,k_marginal_tvd,True
csuite_mixed_confounding,50,-0.0013522727272727,-0.0027462121212121,3.030303030299164e-05,0.027285467280051,0.0545709345601021,k_marginal_tvd,False
csuite_mixed_confounding,100,-0.0011666666666667,-0.0023598484848484,2.651515151520789e-05,0.0277694627009101,0.0555389254018203,k_marginal_tvd,False
csuite_mixed_confounding,200,2.651515151515238e-05,-0.0008371212121213,0.0008901515151514,0.9506505163551368,0.9506505163551368,k_marginal_tvd,False
csuite_mixed_confounding,500,0.0002556818181818,-0.0007651515151515,0.0012045454545454,0.6036297728455251,0.6036297728455251,k_marginal_tvd,False
csuite_mixed_simpson,20,0.0062291666666666,0.0003749999999999,0.0122499999999999,0.0049677492760962,0.0298064956565773,k_marginal_tvd,True
csuite_mixed_simpson,50,-0.0008958333333333,-0.0049999999999999,0.0034166666666666,0.6144611697529276,0.6144611697529276,k_marginal_tvd,False
csuite_mixed_simpson,100,-0.0013958333333332,-0.00525,0.0021666666666667,0.3408824899146637,0.6817649798293275,k_marginal_tvd,False
csuite_mixed_simpson,200,-0.0015,-0.0042083333333333,0.0011666666666666,0.1833034247815594,0.5499102743446784,k_marginal_tvd,False
csuite_mixed_simpson,500,-0.0007499999999999,-0.0032083333333333,0.0019166666666666,0.4862613419429562,0.9725226838859125,k_marginal_tvd,False
csuite_nonlin_simpson,20,-0.0039583333333333,-0.0072083333333333,-0.0005416666666666,0.0059471671664469,0.0178415014993408,k_marginal_tvd,True
csuite_nonlin_simpson,50,-0.0060416666666667,-0.0085416666666667,-0.0034999999999999,2.951057759095179e-07,8.853173277285537e-07,k_marginal_tvd,True
csuite_nonlin_simpson,100,-0.0045833333333333,-0.0069166666666667,-0.0022916666666666,8.017196169732112e-06,2.4051588509196335e-05,k_marginal_tvd,True
csuite_nonlin_simpson,200,-0.0044583333333333,-0.0063333333333333,-0.0024583333333332,5.260067888349191e-07,1.5780203665047573e-06,k_marginal_tvd,True
csuite_nonlin_simpson,500,-0.0029166666666666,-0.00475,-0.001,0.0001218432012095,0.0006092160060475,k_marginal_tvd,True
csuite_symprod_simpson,20,-0.0084583333333333,-0.011875,-0.0047499999999999,7.91936723919735e-08,3.1677468956789394e-07,k_marginal_tvd,True
csuite_symprod_simpson,50,-0.0138333333333333,-0.0173749999999999,-0.0103749999999999,4.2200072778261466e-14,2.532004366695688e-13,k_marginal_tvd,True
csuite_symprod_simpson,100,-0.0120416666666666,-0.0147499999999999,-0.00925,4.057960399444362e-16,2.4347762396666175e-15,k_marginal_tvd,True
csuite_symprod_simpson,200,-0.006,-0.0079583333333333,-0.0040833333333333,1.6502841625883028e-11,9.901704975529816e-11,k_marginal_tvd,True
csuite_symprod_simpson,500,-0.0037916666666666,-0.0056249999999999,-0.0017916666666667,1.7590056662523483e-06,1.0554033997514093e-05,k_marginal_tvd,True
csuite_weak_arrows,20,-0.0005416666666666,-0.0025069444444445,0.0014027777777778,0.5003671561266105,1.0,k_marginal_tvd,False
csuite_weak_arrows,50,-0.0007152777777778,-0.0021249999999999,0.0006736111111111,0.1501672189684133,0.3003344379368267,k_marginal_tvd,False
csuite_weak_arrows,100,-0.0006041666666666,-0.0017013888888887,0.0003333333333333,0.0907109007684024,0.3628436030736096,k_marginal_tvd,False
csuite_weak_arrows,200,-0.0009722222222222,-0.0017847222222222,-0.0001944444444444,0.0011926556588914,0.0071559339533486,k_marginal_tvd,True
csuite_weak_arrows,500,-0.001625,-0.0024583333333333,-0.0007916666666666,3.1784106330922235e-06,1.5892053165461118e-05,k_marginal_tvd,True
custom_scm,20,0.0024375,-0.0024166666666666,0.00725,0.2682320836791084,0.5364641673582169,k_marginal_tvd,False
custom_scm,50,-0.0002499999999999,-0.0031666666666667,0.0025,0.8486605595032358,0.8486605595032358,k_marginal_tvd,False
custom_scm,100,-0.0005833333333333,-0.0031666666666667,0.0019999999999999,0.5269589337485421,0.5269589337485421,k_marginal_tvd,False
custom_scm,200,-0.0006666666666666,-0.0026666666666666,0.0014166666666665,0.4566334733858128,0.9132669467716256,k_marginal_tvd,False
custom_scm,500,-0.0006666666666666,-0.0028333333333333,0.001625,0.5146790591342058,0.5146790591342058,k_marginal_tvd,False
