X0,X1,X2,X3
0.84360576,9.218003,0.4999983,1.0
0.752716,8.763382,0.49998087,1.0
0.64544284,8.227236,0.50000167,1.0
0.32571006,6.6286445,0.50000864,1.0
-0.19230975,4.0383253,0.49998713,1.0
0.188676,5.94335,0.49999648,1.0
1.6048038,13.024109,0.500008,1.0
0.0015902034,5.007858,0.49999142,1.0
0.28862265,6.44316,0.5000051,1.0
-1.9885044,-4.9422355,0.5000289,1.0
0.9165905,9.583019,0.5000074,1.0
0.361129,6.805635,0.4999994,1.0
-2.726121,-8.630613,0.49999988,1.0
0.9231436,9.61569,0.49999627,1.0
-1.2595134,-1.297519,0.50000525,1.0
-1.264707,-1.3234822,0.50000364,1.0
0.28319293,6.415856,0.49998733,1.0
-2.2364855,-6.1824155,0.5000018,1.0
1.0980941,10.490426,0.49999577,1.0
-0.75883853,1.2058134,0.50000226,1.0
-1.9145309,-4.5726643,0.49999735,1.0
0.9100398,9.5501175,0.4999926,1.0
-0.11534648,4.4233027,0.5000034,1.0
0.15417774,5.7711267,0.5000248,1.0
1.7353997,13.6771345,0.500013,1.0
0.76734406,8.836605,0.49998936,1.0
2.2545204,16.272644,0.5000033,1.0
-0.6152221,1.9240398,0.50001323,1.0
-0.57288754,2.1357243,0.50001556,1.0
0.25642365,6.2822013,0.5000094,1.0
0.4852224,7.4262166,0.50001043,1.0
-0.39502716,3.0250382,0.500018,1.0
1.0449802,10.224921,0.5000029,1.0
-0.29034135,3.5481713,0.49998844,1.0
0.822505,9.112539,0.5000016,1.0
-1.4100076,-2.0499234,0.5000111,1.0
1.3443414,11.721864,0.5000146,1.0
-0.94125944,0.2936549,0.4999952,1.0
-0.13427123,4.328625,0.49999702,1.0
0.96126634,9.806263,0.49999267,1.0
-0.5693447,2.1532183,0.49999306,1.0
-0.2716049,3.6420336,0.50000495,1.0
1.674752,13.373729,0.49999732,1.0
-1.3884816,-1.9425157,0.49998742,1.0
1.1317649,10.658735,0.49999127,1.0
-1.0796139,-0.39827305,0.49998122,1.0
0.0472052,5.236051,0.50000256,1.0
1.7529143,13.764497,0.4999925,1.0
1.1666206,10.832846,0.49997565,1.0
-0.45392776,2.7302585,0.49998897,1.0
0.3845721,6.922909,0.5000063,1.0
-0.7422445,1.2887511,0.49999738,1.0
0.9260797,9.630271,0.49998847,1.0
-1.8561789,-4.280851,0.5000039,1.0
-0.026210427,4.868875,0.49999136,1.0
0.40482542,7.0241885,0.5000053,1.0
-1.225039,-1.1251281,0.50000733,1.0
1.5001172,12.500628,0.50000346,1.0
1.1535485,10.76769,0.49999392,1.0
-1.8092101,-4.045995,0.5000057,1.0
1.2723763,11.361925,0.50000304,1.0
-0.081002645,4.5950856,0.50001055,1.0
0.03130768,5.156496,0.49999562,1.0
-0.1576793,4.21183,0.50002193,1.0
1.0339293,10.169565,0.49999174,1.0
-0.4033674,2.983273,0.5000122,1.0
-0.030143587,4.849231,0.49999472,1.0
-0.43100482,2.8451056,0.500013,1.0
0.4665924,7.332863,0.49998742,1.0
0.56386924,7.8195043,0.500015,1.0
0.89827687,9.491418,0.50000244,1.0
-1.2177056,-1.0886501,0.49998817,1.0
0.665869,8.329359,0.5000016,1.0
0.6640034,8.320051,0.5000048,1.0
1.4712124,12.355996,0.49999258,1.0
0.12054744,5.6028953,0.5000163,1.0
-1.842064,-4.210301,0.50000113,1.0
-1.3441101,-1.7205802,0.49999934,1.0
-1.7076151,-3.538096,0.49999842,1.0
1.962009,14.81008,0.50000215,1.0
-1.0714877,-0.35746294,0.49999666,1.0
0.10967885,5.548343,0.49999452,1.0
1.2117637,11.058796,0.49999753,1.0
-0.5078741,2.4606745,0.5000057,1.0
0.46091777,7.304467,0.49998724,1.0
0.105946206,5.529802,0.5000071,1.0
-0.2016514,3.991689,0.4999938,1.0
-0.6463073,1.7684523,0.49999806,1.0
0.36585394,6.829372,0.5000103,1.0
0.24936137,6.2468677,0.5000052,1.0
-0.030209549,4.8489623,0.50000197,1.0
0.863346,9.316782,0.5000042,1.0
-0.22949064,3.8525581,0.500001,1.0
0.1449802,5.7250395,0.50001436,1.0
-0.9704869,0.14759684,0.50000334,1.0
0.91990036,9.599309,0.49997926,1.0
0.52450126,7.6225185,0.5000025,1.0
-1.8911484,-4.45572,0.5000024,1.0
0.6290313,8.145203,0.5000046,1.0
-1.2939078,-1.4695644,0.4999982,1.0
0.6592022,8.295793,0.4999782,1.0
-0.93986666,0.30087426,0.5000215,1.0
0.18042043,5.9022098,0.5000105,1.0
-0.06730439,4.663346,0.49998748,1.0
1.2437823,11.218842,0.49999315,1.0
-2.583325,-7.916627,0.4999998,1.0
0.90003043,9.500093,0.49999538,1.0
-0.24531867,3.7732804,0.49998587,1.0
0.19186497,5.9592624,0.49999174,1.0
0.14667326,5.7333755,0.50000113,1.0
-0.00012461157,4.999352,0.49999827,1.0
0.3963176,6.9814167,0.4999857,1.0
0.62265956,8.113379,0.50000966,1.0
-0.9693854,0.15321174,0.50001496,1.0
-0.16838199,4.157942,0.4999846,1.0
0.3829527,6.914719,0.4999954,1.0
-0.38899955,3.0550208,0.5000022,1.0
2.5257552,17.62883,0.5000055,1.0
-1.4879587,-2.4397435,0.50000626,1.0
-0.66954184,1.6523105,0.5000008,1.0
-0.2865719,3.5673316,0.50001836,1.0
0.84307057,9.215429,0.500007,1.0
-1.3942659,-1.9713676,0.4999951,1.0
-0.14536181,4.2733917,0.5000198,1.0
-0.26047033,3.6976776,0.5000033,1.0
1.7425696,13.712787,0.49999374,1.0
0.67757696,8.387894,0.50000226,1.0
-0.8551837,0.7240301,0.4999941,1.0
-1.7128925,-3.5644732,0.499998,1.0
-0.5255372,2.3723686,0.50000525,1.0
1.028614,10.143114,0.50000435,1.0
-0.5659534,2.1702564,0.5000025,1.0
1.1398284,10.699096,0.4999949,1.0
0.18721099,5.935979,0.49999234,1.0
1.0424936,10.21235,0.49998903,1.0
0.029141165,5.1455283,0.49998215,1.0
-1.0282096,-0.14092132,0.500014,1.0
0.21846412,6.0922575,0.49999472,1.0
0.1789908,5.894943,0.49999848,1.0
2.2046587,16.0232,0.4999897,1.0
-0.57873833,2.1063468,0.50000244,1.0
0.7154927,8.577448,0.49999937,1.0
-0.60556567,1.9722233,0.5000045,1.0
0.61538446,8.076758,0.49998292,1.0
0.80085325,9.004154,0.49998719,1.0
-1.7355767,-3.677792,0.5000094,1.0
0.60899276,8.044944,0.49999812,1.0
1.1342032,10.671052,0.5000044,1.0
1.8274736,14.137337,0.4999972,1.0
0.52128446,7.606496,0.50000674,1.0
1.3395077,11.697452,0.4999919,1.0
-0.4966917,2.5164213,0.49998793,1.0
0.16307674,5.8153925,0.5000013,1.0
1.4222084,12.111018,0.49999702,1.0
-0.6562139,1.7188895,0.49999732,1.0
-0.4111563,2.944381,0.5000157,1.0
-0.16788262,4.160394,0.4999812,1.0
1.634845,13.174174,0.4999954,1.0
-0.52645385,2.367659,0.49999198,1.0
-0.643968,1.7802069,0.50000495,1.0
0.5080006,7.539962,0.49999687,1.0
0.50375646,7.518788,0.50000143,1.0
1.3475847,11.738063,0.5000141,1.0
-0.9176288,0.41196686,0.50000954,1.0
3.4245498,22.122889,0.5000148,1.0
0.3501335,6.750591,0.49999157,1.0
0.5154243,7.5771227,0.49999988,1.0
-0.9227413,0.386318,0.50000286,1.0
0.68752706,8.437806,0.5000168,1.0
-0.38470706,3.0764666,0.49999952,1.0
-0.38883325,3.0558481,0.50000054,1.0
-0.15200967,4.239969,0.500001,1.0
1.1314278,10.657075,0.4999916,1.0
0.91225064,9.561258,0.5000019,1.0
0.7574675,8.787231,0.4999897,1.0
-1.3412675,-1.7063494,0.49999806,1.0
0.05960951,5.2980685,0.5000003,1.0
-0.18627174,4.0687065,0.5000073,1.0
0.19072203,5.953621,0.5000014,1.0
-0.19642417,4.0178037,0.49999213,1.0
2.1719735,15.859806,0.4999935,1.0
0.89784855,9.489128,0.49998775,1.0
0.8427753,9.213899,0.5000015,1.0
-1.0520384,-0.26010704,0.5000087,1.0
0.6440694,8.220373,0.50000256,1.0
-0.9044141,0.47791502,0.49999705,1.0
0.48781788,7.4389834,0.4999889,1.0
-0.17191428,4.1404243,0.50000197,1.0
0.09202126,5.4601107,0.50000113,1.0
1.5272313,12.636129,0.49999744,1.0
-0.44222474,2.7888422,0.49999622,1.0
0.18601058,5.9302034,0.5000165,1.0
1.1448057,10.724057,0.5000018,1.0
1.1436821,10.71842,0.49999967,1.0
1.0897506,10.4487705,0.5000013,1.0
0.7832581,8.916561,0.5000287,1.0
1.8461498,14.230812,0.5000059,1.0
1.5061514,12.530576,0.49998328,1.0
-0.068888135,4.655488,0.49999356,1.0
0.8182687,9.091265,0.49999273,1.0
-1.6940337,-3.4701567,0.50000024,1.0
0.8390582,9.195414,0.5000124,1.0
0.42555723,7.1277294,0.49999377,1.0
0.9240037,9.620199,0.5000164,1.0
0.22290494,6.1144643,0.49999392,1.0
-0.104079634,4.4796276,0.5000022,1.0
1.438331,12.191724,0.50000733,1.0
-0.5291501,2.3541305,0.49998978,1.0
0.8630293,9.315151,0.50000024,1.0
2.5365436,17.68293,0.50002027,1.0
-1.0678029,-0.33884048,0.5000181,1.0
-0.1933968,4.0330553,0.50000435,1.0
1.271732,11.358633,0.49999884,1.0
1.921733,14.608826,0.50001425,1.0
0.2673777,6.336874,0.50000054,1.0
1.3543472,11.771662,0.4999927,1.0
0.5154362,7.5772963,0.5000128,1.0
0.3800554,6.90022,0.4999952,1.0
-0.060299475,4.698347,0.4999847,1.0
-0.15923774,4.2038565,0.50000554,1.0
0.23317304,6.165912,0.5000048,1.0
-1.2751039,-1.3755114,0.50000197,1.0
-0.23497474,3.8251674,0.50000477,1.0
-0.021576975,4.892288,0.5000175,1.0
-0.097506836,4.512348,0.49998724,1.0
-0.4693367,2.65342,0.5000102,1.0
-0.53676826,2.3161385,0.49999794,1.0
-1.6834017,-3.4168868,0.50001127,1.0
1.3880984,11.940528,0.50000256,1.0
0.954437,9.772104,0.49999282,1.0
0.4802775,7.401411,0.5000034,1.0
0.27926594,6.396317,0.4999977,1.0
0.8063885,9.031931,0.49999702,1.0
0.58861464,7.9430413,0.49999458,1.0
0.5399608,7.6998553,0.5000053,1.0
-0.6807504,1.5962632,0.50000155,1.0
0.8224415,9.1123495,0.50001425,1.0
-1.0347527,-0.17382786,0.49999526,1.0
0.95420593,9.771115,0.500008,1.0
-0.46827874,2.658608,0.49999875,1.0
1.2736124,11.368197,0.50001144,1.0
0.22547682,6.1273327,0.49999502,1.0
-0.113143496,4.434239,0.49999622,1.0
0.27599528,6.3800225,0.5000064,1.0
-0.56921285,2.1538913,0.49999505,1.0
-0.2553791,3.7231221,0.50000334,1.0
0.27398235,6.369881,0.49999747,1.0
0.013740903,5.0688176,0.500011,1.0
1.6963716,13.48177,0.49999183,1.0
-1.6098971,-3.0495625,0.49999288,1.0
-0.6642322,1.6787105,0.49998838,1.0
-0.12298949,4.38508,0.5000034,1.0
-1.4250333,-2.125202,0.4999958,1.0
-1.1795692,-0.89792424,0.49999264,1.0
0.95409054,9.770537,0.5000099,1.0
1.6800972,13.40052,0.5000039,1.0
-0.31270832,3.4364033,0.4999926,1.0
1.6691005,13.345662,0.50001556,1.0
-1.2684635,-1.3422636,0.50000566,1.0
-2.102084,-5.5104656,0.4999945,1.0
-0.07301549,4.635003,0.5000071,1.0
0.22503583,6.1253114,0.5000138,1.0
-1.1746187,-0.8731737,0.49999183,1.0
-0.83180565,0.8411219,0.5000136,1.0
-1.5880555,-2.9403563,0.49999213,1.0
0.68115276,8.405658,0.49998924,1.0
-0.17007267,4.1495104,0.49998757,1.0
-0.23147959,3.8425663,0.49999535,1.0
0.05998999,5.3000135,0.5000061,1.0
1.430535,12.152411,0.49997446,1.0
0.97998184,9.899851,0.49999437,1.0
-1.1598362,-0.79917806,0.5000011,1.0
-0.75369483,1.2314663,0.4999943,1.0
-0.8333518,0.8331071,0.49998719,1.0
0.67238283,8.361861,0.49999303,1.0
1.3450192,11.725238,0.5000125,1.0
-0.091750085,4.5412745,0.50000244,1.0
0.19074881,5.95366,0.49999115,1.0
0.23304416,6.1650763,0.49998516,1.0
-1.5832231,-2.9161875,0.49999112,1.0
1.5562416,12.781233,0.500002,1.0
-1.3715991,-1.8579146,0.50000864,1.0
-1.1094768,-0.5474715,0.49998975,1.0
-1.51804,-2.5902715,0.4999952,1.0
-0.27101332,3.6449804,0.5000046,1.0
0.5948933,7.9745874,0.5000131,1.0
0.44998783,7.2499332,0.5000009,1.0
1.6486347,13.2433605,0.5000181,1.0
-2.5036263,-7.5183253,0.49998215,1.0
-0.60303515,1.9847078,0.49998766,1.0
0.51478845,7.5738378,0.4999892,1.0
-0.32817453,3.3591163,0.4999987,1.0
0.34555772,6.727732,0.49999627,1.0
-0.37333822,3.1333263,0.50000167,1.0
0.14475264,5.7235947,0.49998406,1.0
-0.4772321,2.6137276,0.4999881,1.0
0.121543914,5.607643,0.4999911,1.0
-0.8403025,0.7985131,0.5000033,1.0
-0.71277183,1.4361885,0.50000393,1.0
1.2003279,11.0016365,0.50000066,1.0
0.27624214,6.3812943,0.5000088,1.0
-0.8763347,0.6184137,0.5000085,1.0
1.9222542,14.611232,0.49999556,1.0
0.5559604,7.779928,0.500013,1.0
-1.636939,-3.1848392,0.4999869,1.0
1.8208781,14.104476,0.50000775,1.0
-1.4544294,-2.2720518,0.50001,1.0
0.04919148,5.246207,0.5000249,1.0
0.12049479,5.602228,0.4999751,1.0
0.9220851,9.610425,0.5000004,1.0
0.8603065,9.301444,0.4999915,1.0
-0.04966023,4.751722,0.5000019,1.0
1.7874503,13.937314,0.5000046,1.0
1.1175524,10.587668,0.4999907,1.0
-1.0142175,-0.07113343,0.499997,1.0
2.1023066,15.511562,0.50000274,1.0
0.7159865,8.580093,0.50001395,1.0
0.53402686,7.6700764,0.49999553,1.0
-0.32363895,3.3817995,0.49999866,1.0
0.24808685,6.2405515,0.5000103,1.0
1.8837451,14.418759,0.5000031,1.0
1.2906927,11.453444,0.49999908,1.0
0.40640697,7.0320344,0.49999708,1.0
-1.4402592,-2.2012067,0.5000089,1.0
-0.7290682,1.3546516,0.49999985,1.0
-0.23898481,3.8050575,0.4999975,1.0
-0.24072134,3.796362,0.4999976,1.0
-0.58095723,2.0952766,0.5000072,1.0
-0.64082605,1.7959157,0.5000053,1.0
0.20339173,6.01708,0.50001186,1.0
0.4006913,7.00348,0.500002,1.0
1.0724052,10.361924,0.49998987,1.0
0.55803114,7.7902794,0.50001293,1.0
1.7011684,13.505837,0.49999964,1.0
0.18876585,5.9438734,0.50000226,1.0
-0.54523855,2.273827,0.50000304,1.0
0.13709931,5.685412,0.49999195,1.0
-1.9450108,-4.7250834,0.49999604,1.0
0.29344258,6.4670324,0.4999828,1.0
0.1751204,5.8755465,0.4999936,1.0
0.8501282,9.250578,0.49999395,1.0
-0.72746885,1.3627313,0.5000079,1.0
1.6891863,13.445854,0.49999237,1.0
0.9422881,9.71136,0.49999183,1.0
0.42194107,7.109777,0.50000745,1.0
0.13790283,5.689442,0.49999338,1.0
-1.97619,-4.8809943,0.49999556,1.0
1.6738378,13.369169,0.49999738,1.0
0.7324819,8.662316,0.49999282,1.0
-1.0014199,-0.0072266134,0.49998564,1.0
0.7697105,8.84843,0.49998823,1.0
0.3081388,6.5406194,0.49999347,1.0
-0.19848517,4.007537,0.49999642,1.0
1.1250498,10.625293,0.50000453,1.0
1.3234112,11.617141,0.50000924,1.0
0.34215006,6.710698,0.49999425,1.0
-0.80037594,0.998112,0.49999914,1.0
-0.5871818,2.0640984,0.5000004,1.0
0.61502844,8.075175,0.50000304,1.0
0.33948788,6.6975284,0.5000088,1.0
-0.935872,0.32068294,0.50000286,1.0
1.0038602,10.019249,0.49999514,1.0
-1.3653193,-1.8267477,0.49998558,1.0
0.4158191,7.0789657,0.499988,1.0
0.8414985,9.207404,0.49999166,1.0
1.0860891,10.430402,0.49999526,1.0
0.031999573,5.159837,0.4999847,1.0
1.5788575,12.8944435,0.5000163,1.0
-0.78023845,1.0989311,0.5000133,1.0
-2.3266573,-6.6333084,0.49999878,1.0
-0.4926304,2.5367997,0.49999562,1.0
-0.37740976,3.1129549,0.5000004,1.0
-0.63749003,1.812523,0.4999969,1.0
-0.17347215,4.1326957,0.50000614,1.0
0.31772122,6.5887036,0.50000936,1.0
-0.98983103,0.050831538,0.49999714,1.0
1.0548382,10.274369,0.5000177,1.0
0.46495044,7.3248343,0.5000067,1.0
0.13920176,5.6960864,0.5000058,1.0
0.27128357,6.356326,0.4999903,1.0
1.3186396,11.592971,0.4999752,1.0
-0.86654353,0.6672064,0.4999928,1.0
-0.41641116,2.9179528,0.5000016,1.0
0.5411322,7.705675,0.5000019,1.0
-1.1238886,-0.6193792,0.5000058,1.0
0.79531574,8.976544,0.4999962,1.0
1.7340224,13.669987,0.49998784,1.0
-0.54119277,2.2941415,0.50000805,1.0
-0.9782988,0.10848962,0.49999827,1.0
0.8620206,9.310121,0.50000274,1.0
0.7662807,8.831447,0.5000044,1.0
0.045009658,5.2248793,0.499983,1.0
0.96208316,9.8104,0.49999803,1.0
-0.33525243,3.3239133,0.5000157,1.0
1.1283426,10.641635,0.49999315,1.0
1.0149794,10.074827,0.49999365,1.0
0.3093326,6.546708,0.50000566,1.0
0.52103144,7.605141,0.49999836,1.0
0.45260438,7.2630935,0.5000067,1.0
-1.1506253,-0.75303286,0.5000087,1.0
0.903336,9.516665,0.49999756,1.0
-1.1167194,-0.58373827,0.49998477,1.0
-0.44512978,2.7743983,0.50000477,1.0
0.29907554,6.495405,0.5000025,1.0
-1.8430037,-4.214914,0.5000097,1.0
2.358856,16.794254,0.4999972,1.0
0.092515424,5.4628024,0.5000228,1.0
1.2638341,11.319196,0.50000316,1.0
-1.3734523,-1.8672771,0.49999663,1.0
-1.1509696,-0.75491154,0.49999326,1.0
-1.4993536,-2.4969413,0.49998164,1.0
-0.59559155,2.0220525,0.4999987,1.0
0.94850683,9.742417,0.4999895,1.0
0.5189925,7.595021,0.5000047,1.0
0.37350845,6.8674664,0.49999267,1.0
0.65751845,8.287782,0.5000168,1.0
0.45564723,7.2782345,0.50000036,1.0
-1.3845073,-1.9226424,0.4999877,1.0
-0.477844,2.6106868,0.4999907,1.0
-0.26734868,3.663265,0.5000013,1.0
0.5038634,7.5193467,0.5000038,1.0
-1.0061728,-0.03090883,0.49999517,1.0
0.38299695,6.9148912,0.49999174,1.0
1.1333406,10.6668415,0.50001353,1.0
-0.41465443,2.9268243,0.5000085,1.0
1.1830438,10.915473,0.50002426,1.0
-1.094894,-0.4746497,0.49998128,1.0
-1.2345096,-1.1727186,0.4999821,1.0
0.9255589,9.627666,0.49998784,1.0
-0.04893081,4.755395,0.50000286,1.0
-0.17962101,4.1019044,0.5000006,1.0
-2.9303262,-9.651561,0.50000614,1.0
-1.6567776,-3.283908,0.49999696,1.0
-1.0567938,-0.28385237,0.50001144,1.0
2.147849,15.739321,0.500008,1.0
-0.4658502,2.670883,0.500014,1.0
-0.4687328,2.6564212,0.50000924,1.0
-0.37448838,3.1275048,0.4999948,1.0
0.39872926,6.99383,0.5000166,1.0
-0.4719359,2.6403098,0.4999996,1.0
0.007994654,5.040127,0.50001377,1.0
0.65051055,8.252382,0.49998313,1.0
-1.0015508,-0.0078108534,0.49999416,1.0
0.75505143,8.775431,0.50001585,1.0
-0.22917826,3.8543482,0.5000239,1.0
-0.65538394,1.7230233,0.49999323,1.0
1.6707278,13.353526,0.4999878,1.0
-0.50341994,2.4828901,0.50000006,1.0
0.6286697,8.143308,0.4999952,1.0
-1.3339034,-1.6694187,0.5000096,1.0
-0.4593606,2.7030404,0.4999849,1.0
-0.20754245,3.9621546,0.49998552,1.0
-1.8343269,-4.1717486,0.49998945,1.0
1.6408933,13.204374,0.49999005,1.0
-2.01104,-5.055178,0.50000274,1.0
0.22196554,6.109802,0.49999702,1.0
-0.0612516,4.6938176,0.50000817,1.0
0.3129583,6.564715,0.49999312,1.0
0.06447666,5.3223724,0.4999977,1.0
0.96415687,9.820822,0.5000032,1.0
0.17391995,5.8695593,0.4999957,1.0
0.5936291,7.9681826,0.50000155,1.0
0.16085172,5.804246,0.5000005,1.0
-1.29689,-1.4845968,0.49998498,1.0
-0.90280646,0.4858111,0.49998417,1.0
0.92718697,9.635856,0.49999267,1.0
0.6372839,8.186427,0.49999943,1.0
-1.624445,-3.1223602,0.49998793,1.0
2.109535,15.547711,0.50000465,1.0
-1.4076622,-2.0381835,0.5000124,1.0
-0.65688455,1.7155186,0.49999428,1.0
0.7650699,8.8254595,0.5000102,1.0
0.37136665,6.8569465,0.50001043,1.0
-0.89678293,0.5160785,0.49999803,1.0
-0.995386,0.023118118,0.50000477,1.0
-1.7316289,-3.6581495,0.4999997,1.0
-1.1270565,-0.6350092,0.5000296,1.0
-0.082274266,4.588677,0.5000044,1.0
-2.1273534,-5.6366515,0.5000122,1.0
-0.9216079,0.39197865,0.50000006,1.0
0.5018894,7.5093074,0.49998665,1.0
-0.79622245,1.0187702,0.49998686,1.0
-0.3970973,3.0143797,0.49998719,1.0
0.267469,6.337032,0.4999685,1.0
0.9117995,9.559018,0.5000012,1.0
-1.1908383,-0.9543419,0.49998403,1.0
-0.5602561,2.19871,0.49999905,1.0
-0.1100207,4.4498115,0.49999124,1.0
0.20534739,6.0267086,0.4999966,1.0
-0.73368084,1.3315662,0.49999726,1.0
1.2572767,11.286401,0.5000002,1.0
1.0197963,10.099122,0.5000127,1.0
0.49268064,7.463424,0.5000015,1.0
-0.26762787,3.6619601,0.5000102,1.0
0.56233084,7.811626,0.49999616,1.0
0.5329713,7.664907,0.5000038,1.0
-0.99999774,-8.32272e-05,0.499988,1.0
0.66489893,8.324687,0.5000191,1.0
-1.1752057,-0.87611735,0.4999913,1.0
0.12560233,5.6281457,0.5000133,1.0
-0.32020718,3.398852,0.49998862,1.0
1.0992469,10.496345,0.500011,1.0
-0.18408279,4.079667,0.5000093,1.0
-0.093816236,4.5310006,0.5000084,1.0
0.12156086,5.607905,0.5000107,1.0
-2.7172995,-8.586362,0.500015,1.0
-0.22261852,3.886816,0.49999195,1.0
-0.9532769,0.23370056,0.5000082,1.0
-1.4457023,-2.228535,0.49999845,1.0
0.40446776,7.0221252,0.49998006,1.0
0.76511544,8.825573,0.5000014,1.0
0.1379615,5.689691,0.49998784,1.0
-0.65177894,1.7410042,0.4999901,1.0
0.720141,8.600732,0.5000031,1.0
0.44597065,7.229769,0.499991,1.0
1.0788041,10.394109,0.50000876,1.0
1.1704526,10.852364,0.50000954,1.0
0.9553196,9.776643,0.50000435,1.0
-0.89956045,0.5021007,0.49999014,1.0
1.0216143,10.108075,0.5000013,1.0
1.4579818,12.289922,0.500002,1.0
1.3069191,11.534726,0.5000128,1.0
0.65545857,8.277357,0.5000066,1.0
0.19395083,5.969737,0.4999992,1.0
-0.43064076,2.8467884,0.4999997,1.0
-0.006094163,4.969525,0.49999943,1.0
-0.463443,2.6826944,0.49998868,1.0
-0.87871164,0.6064744,0.5000028,1.0
-1.2509981,-1.2548987,0.50000936,1.0
-1.5714452,-2.8572538,0.49999687,1.0
-0.023568157,4.8823233,0.5000173,1.0
0.09852065,5.4925222,0.49999064,1.0
0.94000965,9.700061,0.5000008,1.0
1.220608,11.102997,0.49999696,1.0
0.7893982,8.947144,0.50001514,1.0
0.053799838,5.269132,0.5000127,1.0
-1.9995179,-4.997728,0.49998632,1.0
0.4303069,7.151664,0.50001264,1.0
-0.05098497,4.744977,0.49999055,1.0
-0.48674968,2.5662563,0.5000001,1.0
0.37460876,6.873098,0.5000064,1.0
1.1859264,10.929482,0.4999847,1.0
-0.2285672,3.8571484,0.4999989,1.0
-0.66695136,1.6652174,0.49999687,1.0
-1.10601,-0.5300628,0.4999989,1.0
-0.37453285,3.1273003,0.49999696,1.0
0.63700396,8.184957,0.49999142,1.0
-0.6281535,1.859237,0.49999994,1.0
2.544572,17.722775,0.49999157,1.0
-1.323956,-1.619929,0.49998435,1.0
-1.9048964,-4.524436,0.5000045,1.0
-0.23350461,3.8325617,0.50000757,1.0
1.2013465,11.006584,0.4999846,1.0
1.3872646,11.9363985,0.5000079,1.0
-0.041852724,4.790765,0.50000226,1.0
-0.2272831,3.863606,0.5000025,1.0
0.49112862,7.455657,0.50000274,1.0
-0.009016807,4.954733,0.49998173,1.0
-1.132584,-0.6629292,0.5000002,1.0
0.65758,8.287925,0.5000032,1.0
-0.54829437,2.258306,0.49997786,1.0
0.11541568,5.5770144,0.49999246,1.0
-0.30460733,3.4769747,0.50000155,1.0
-0.062242877,4.6886916,0.49999014,1.0
0.9128335,9.564137,0.49999526,1.0
-0.45905805,2.704802,0.5000096,1.0
0.31446472,6.57245,0.5000113,1.0
-0.06867121,4.6566305,0.49999863,1.0
1.3013885,11.506894,0.49999443,1.0
-0.43021598,2.8490825,0.5000184,1.0
-1.3804146,-1.9022243,0.49998567,1.0
1.5490451,12.745319,0.5000082,1.0
-1.2377295,-1.1886704,0.49999782,1.0
-1.2340283,-1.1700944,0.5000045,1.0
0.8547489,9.273849,0.5000107,1.0
1.0453091,10.226499,0.49999505,1.0
-1.1759255,-0.8796946,0.49999294,1.0
1.1000723,10.500396,0.5000033,1.0
0.762461,8.81221,0.4999907,1.0
0.7499188,8.749687,0.50001055,1.0
1.4051467,12.025862,0.50001633,1.0
-0.9620833,0.18962671,0.50000274,1.0
0.29464036,6.4730873,0.49998713,1.0
0.13719599,5.685888,0.49999198,1.0
-1.0637201,-0.31855267,0.5000054,1.0
-1.4926358,-2.4632084,0.4999972,1.0
0.89993054,9.499522,0.4999872,1.0
0.8418917,9.209448,0.49999994,1.0
-0.878651,0.6068719,0.50001276,1.0
1.8792,14.396142,0.50001335,1.0
1.8491969,14.245848,0.49998686,1.0
-1.21873,-1.0937017,0.49999613,1.0
0.49031487,7.4516025,0.5000017,1.0
0.03465335,5.1731186,0.49998462,1.0
-0.8802373,0.59894884,0.50001425,1.0
-0.64368814,1.7816782,0.5000132,1.0
-0.12386927,4.3805757,0.4999928,1.0
0.40915424,7.045885,0.5000106,1.0
0.574349,7.871587,0.49998474,1.0
-1.7727463,-3.8638198,0.4999919,1.0
0.57421607,7.871061,0.49999866,1.0
-0.6053841,1.9730463,0.4999965,1.0
-1.4795638,-2.3978317,0.4999991,1.0
0.29545036,6.477275,0.5000005,1.0
0.1715836,5.8579054,0.49999866,1.0
-1.6269699,-3.1349237,0.49999347,1.0
0.95733416,9.786603,0.49999285,1.0
-0.5218369,2.3908157,0.4999983,1.0
1.5114279,12.557069,0.4999927,1.0
1.1868848,10.934427,0.5000014,1.0
0.10806613,5.540428,0.50000924,1.0
-0.78420377,1.0790617,0.5000069,1.0
-1.7508479,-3.75409,0.5000153,1.0
0.65838736,8.291957,0.5000033,1.0
1.7961828,13.980757,0.49998477,1.0
0.0029210134,5.014776,0.5000162,1.0
0.96335155,9.8166,0.49998397,1.0
-0.46360794,2.6821792,0.5000215,1.0
-1.5178324,-2.5892973,0.49998635,1.0
-0.9490268,0.25473204,0.49998757,1.0
0.77275014,8.863751,0.4999993,1.0
-0.13484712,4.325808,0.5000046,1.0
1.1402905,10.701527,0.50000674,1.0
-1.9517891,-4.7589517,0.5,1.0
0.8023662,9.011827,0.4999999,1.0
-0.88632786,0.5683922,0.5000018,1.0
0.07809163,5.3905334,0.50000775,1.0
0.5026515,7.513427,0.50001854,1.0
-0.39008787,3.049474,0.49999094,1.0
0.096037656,5.480203,0.5000027,1.0
0.74462914,8.72292,0.49997896,1.0
0.0008541103,5.00429,0.50000393,1.0
0.87306875,9.365202,0.49998716,1.0
-0.4582359,2.7087777,0.49999622,1.0
-0.16311613,4.1844215,0.50000006,1.0
-0.46038106,2.698168,0.50000775,1.0
-0.4720229,2.6398244,0.49999475,1.0
0.44390392,7.2195144,0.49999833,1.0
-0.11519452,4.4240584,0.500004,1.0
1.1243412,10.621845,0.500014,1.0
0.8053097,9.026597,0.50000274,1.0
0.67340213,8.367217,0.5000228,1.0
0.5610949,7.8053265,0.49998662,1.0
0.6060684,8.03036,0.50000244,1.0
1.7140602,13.570284,0.49999908,1.0
1.0921072,10.460575,0.5000044,1.0
0.32264876,6.6131415,0.49998885,1.0
-0.0014871401,4.992825,0.5000268,1.0
-1.8145586,-4.0727696,0.5000042,1.0
-0.8728665,0.6356672,0.50000083,1.0
1.3987902,11.993998,0.50000376,1.0
0.40384308,7.0193253,0.50000995,1.0
0.1136683,5.568387,0.5000045,1.0
0.61358446,8.06781,0.4999908,1.0
-0.84186625,0.79071045,0.5000037,1.0
0.5572534,7.786245,0.49999836,1.0
1.7266093,13.633106,0.50000656,1.0
1.5916528,12.95833,0.5000066,1.0
-0.5478108,2.260968,0.50000066,1.0
-2.8972836,-9.486406,0.5000011,1.0
-1.7955059,-3.9776456,0.4999894,1.0
0.24778213,6.238865,0.49999416,1.0
2.1785357,15.892805,0.5000113,1.0
-1.3201405,-1.6005578,0.50001276,1.0
1.5067109,12.533608,0.50000477,1.0
-1.2570261,-1.2850801,0.5000056,1.0
-0.8659985,0.6699296,0.49999213,1.0
0.114177674,5.5711007,0.5000206,1.0
-0.6086755,1.9567516,0.50001156,1.0
-0.12027009,4.398785,0.500013,1.0
0.6925601,8.462834,0.500003,1.0
1.2344406,11.172241,0.5000037,1.0
0.17781164,5.889164,0.50001025,1.0
0.8006174,9.003147,0.5000064,1.0
-0.44968995,2.751515,0.49999824,1.0
0.5082156,7.5409355,0.499986,1.0
0.026629819,5.1331697,0.50000244,1.0
0.59468704,7.9733343,0.49999028,1.0
-0.040491063,4.797505,0.4999968,1.0
0.045658324,5.228253,0.49999768,1.0
0.3744831,6.87249,0.50000703,1.0
-0.36522642,3.1738446,0.4999972,1.0
-0.7931513,1.0342299,0.4999985,1.0
0.15478237,5.7740192,0.50001,1.0
0.29456413,6.472711,0.49998942,1.0
0.64416337,8.220718,0.4999908,1.0
0.54487246,7.7243276,0.49999717,1.0
2.6639655,18.319721,0.49998838,1.0
0.45876816,7.293921,0.50000817,1.0
0.7394862,8.697062,0.499964,1.0
0.08723395,5.4362154,0.50000393,1.0
-0.18347485,4.082627,0.50000024,1.0
1.5008732,12.504376,0.5000004,1.0
-1.0469545,-0.23490496,0.4999866,1.0
0.65287066,8.264254,0.4999902,1.0
1.4442784,12.221324,0.4999949,1.0
0.50724673,7.5359945,0.4999757,1.0
2.3285816,16.643036,0.5000135,1.0
0.37868437,6.8933616,0.49999276,1.0
-1.2857349,-1.4286255,0.50000423,1.0
0.5988541,7.994251,0.49999756,1.0
0.6859343,8.429757,0.5000082,1.0
0.42892653,7.144638,0.50000066,1.0
0.049892746,5.2493176,0.49998704,1.0
1.9094108,14.5470085,0.4999965,1.0
0.16544348,5.8273096,0.50000775,1.0
-0.30218711,3.4888363,0.49997702,1.0
-3.3094563,-11.547392,0.4999869,1.0
-0.56024116,2.1987536,0.49999478,1.0
-0.08123193,4.593937,0.5000113,1.0
0.8408979,9.204701,0.50002146,1.0
0.9564022,9.781981,0.49999878,1.0
-0.65260404,1.7371762,0.5000206,1.0
-0.92401344,0.38004822,0.5000114,1.0
-1.6740338,-3.3700566,0.50001055,1.0
-2.027833,-5.139287,0.49998882,1.0
0.15204708,5.7602863,0.5000067,1.0
0.75752854,8.787609,0.4999959,1.0
-3.2718906,-11.359429,0.5000023,1.0
1.6294106,13.147035,0.4999982,1.0
-1.3241836,-1.6209717,0.49999315,1.0
-0.7790222,1.1051564,0.5000262,1.0
0.10789661,5.5394664,0.49999866,1.0
-0.5156419,2.421939,0.50001496,1.0
-0.49896902,2.5052435,0.50000966,1.0
-0.77253485,1.1372671,0.499995,1.0
-0.14880393,4.255897,0.49999243,1.0
0.24950644,6.247662,0.500012,1.0
-0.3030818,3.484628,0.5000046,1.0
-1.0831531,-0.41589263,0.49998587,1.0
1.2338601,11.169337,0.5000032,1.0
0.5291243,7.645642,0.50000286,1.0
-0.27145198,3.6426554,0.49999142,1.0
-0.6131377,1.9344054,0.50000757,1.0
0.21476288,6.0736628,0.49998492,1.0
0.25858992,6.292979,0.5000031,1.0
0.7574334,8.787239,0.50000745,1.0
0.7252747,8.626326,0.49999472,1.0
0.7430266,8.715212,0.5000054,1.0
-1.7818271,-3.909087,0.50000453,1.0
-0.257704,3.711595,0.50001085,1.0
0.96173584,9.808726,0.5000047,1.0
-0.7499534,1.2502406,0.50000185,1.0
-1.9786122,-4.893173,0.4999895,1.0
0.90530986,9.526452,0.4999891,1.0
1.212003,11.059968,0.49999467,1.0
-0.5257028,2.3715694,0.50000834,1.0
0.70906603,8.545393,0.5000046,1.0
2.21701,16.08493,0.4999865,1.0
-1.5222181,-2.6111832,0.49999058,1.0
0.3435948,6.7179847,0.5000012,1.0
-0.76001424,1.1998059,0.49998754,1.0
-0.42382127,2.8808713,0.49999654,1.0
0.0788875,5.394414,0.49999934,1.0
-0.48713014,2.564361,0.50000113,1.0
-0.22873905,3.8563702,0.5000068,1.0
-0.100100525,4.4996266,0.5000136,1.0
-0.8056694,0.9715953,0.49999452,1.0
-1.4069701,-2.0348046,0.5000041,1.0
-1.7902808,-3.951392,0.50000024,1.0
0.06428399,5.3215656,0.50001556,1.0
2.8335116,19.167671,0.5000105,1.0
-0.88952976,0.5524554,0.50000966,1.0
-1.4365789,-2.1829033,0.49999902,1.0
-0.056225445,4.7189226,0.50000525,1.0
-1.0986263,-0.4929415,0.500019,1.0
-0.86255497,0.68714976,0.49999207,1.0
-0.8291502,0.85416585,0.4999906,1.0
0.41093096,7.0546517,0.49999988,1.0
0.9793041,9.89646,0.49999455,1.0
-0.6818537,1.5905757,0.4999843,1.0
-0.032301135,4.838376,0.49998847,1.0
0.13286471,5.6642165,0.49998993,1.0
-0.1702787,4.1487284,0.5000124,1.0
-1.3634723,-1.8174319,0.49999243,1.0
-0.79855174,1.0071368,0.4999893,1.0
0.40076932,7.0038075,0.49999702,1.0
-0.011512063,4.9424443,0.50000066,1.0
0.60360885,8.018036,0.49999845,1.0
-0.33729997,3.3135622,0.50000674,1.0
1.6492981,13.246439,0.4999927,1.0
-0.32219028,3.3889577,0.49999002,1.0
1.118046,10.590254,0.5000026,1.0
-0.22370702,3.8812923,0.4999824,1.0
-0.8006469,0.9967162,0.49999663,1.0
-2.0053892,-5.026877,0.5000083,1.0
0.3237507,6.6188717,0.5000123,1.0
0.097593725,5.487967,0.49999866,1.0
-0.37745067,3.112747,0.50000006,1.0
0.1911044,5.955473,0.49999562,1.0
-2.2313502,-6.1566787,0.5000069,1.0
-0.88993853,0.55049896,0.50001943,1.0
0.63289964,8.164598,0.5000079,1.0
1.8477571,14.238657,0.49998686,1.0
1.0795683,10.397769,0.49999186,1.0
0.45415878,7.2707314,0.499995,1.0
2.3076534,16.53819,0.49999365,1.0
1.5729568,12.864771,0.49999836,1.0
-0.67030096,1.6486297,0.50001377,1.0
-0.60802364,1.9600458,0.5000169,1.0
-1.0086243,-0.04333249,0.4999786,1.0
-1.5726377,-2.863194,0.49999896,1.0
-2.1634004,-5.8171515,0.49998558,1.0
-0.46502617,2.674892,0.50000167,1.0
0.23702052,6.1850886,0.4999997,1.0
0.12844838,5.642243,0.49999985,1.0
1.2106092,11.0531845,0.5000132,1.0
-0.8406246,0.7967513,0.4999875,1.0
-1.9139316,-4.569599,0.500004,1.0
-0.6589588,1.7051464,0.4999932,1.0
-0.58599746,2.0700533,0.500005,1.0
1.2942369,11.471033,0.49998593,1.0
0.06805442,5.3400645,0.499981,1.0
-2.1128247,-5.5641685,0.4999948,1.0
2.7934194,18.967138,0.50000477,1.0
1.3266819,11.633202,0.4999807,1.0
0.23605421,6.180376,0.50001204,1.0
0.14744669,5.7373085,0.5000096,1.0
0.7077626,8.538771,0.49999654,1.0
-0.120554246,4.3971705,0.49999428,1.0
0.06060045,5.3030243,0.5000028,1.0
-1.1150608,-0.57529956,0.50000155,1.0
-0.26699623,3.6649752,0.4999949,1.0
0.49529994,7.476454,0.49999648,1.0
0.104994826,5.524914,0.49999407,1.0
0.7771547,8.885765,0.4999978,1.0
-1.0560782,-0.28031477,0.5000068,1.0
0.78382766,8.919183,0.5000056,1.0
-0.72485834,1.3757039,0.4999992,1.0
2.085322,15.42643,0.4999825,1.0
0.15720187,5.7858605,0.49998587,1.0
-0.93790334,0.31057853,0.5000106,1.0
1.2344375,11.172321,0.50001204,1.0
-0.029537713,4.8523808,0.5000059,1.0
1.117233,10.586025,0.49998608,1.0
-1.5361964,-2.6809075,0.5000089,1.0
-2.0273848,-5.136918,0.5000012,1.0
1.8319428,14.159773,0.50000644,1.0
-0.072567865,4.6372266,0.5000068,1.0
-0.33025664,3.3485765,0.4999846,1.0
-0.84856075,0.75742406,0.5000215,1.0
0.7773235,8.8865595,0.49999335,1.0
1.8103833,14.051821,0.49999064,1.0
1.5560924,12.780734,0.5000268,1.0
0.98049843,9.90253,0.50000364,1.0
0.5561525,7.7808585,0.5000084,1.0
0.75439453,8.772072,0.50000924,1.0
-0.9683156,0.15839402,0.4999981,1.0
0.04330598,5.216509,0.49999797,1.0
0.18768494,5.9385133,0.50000834,1.0
-1.8739649,-4.369812,0.500003,1.0
-0.68134296,1.5933601,0.5000075,1.0
1.1178762,10.58946,0.50000626,1.0
0.7011882,8.505891,0.4999957,1.0
0.45874053,7.2936945,0.49999693,1.0
0.13653775,5.6827693,0.5000084,1.0
1.0535342,10.26763,0.49999705,1.0
0.6601352,8.3005905,0.49999288,1.0
-1.2222253,-1.1112715,0.49998766,1.0
-2.2426612,-6.213329,0.49999738,1.0
0.6116144,8.058089,0.50000083,1.0
-1.1923598,-0.96170974,0.50001055,1.0
-0.18402082,4.0801296,0.5000231,1.0
-2.7180014,-8.59001,0.5000023,1.0
-0.007424106,4.962951,0.5000073,1.0
-1.8978206,-4.4892488,0.49998584,1.0
0.15989189,5.799467,0.49999872,1.0
-0.514166,2.42909,0.4999916,1.0
-0.6679395,1.6604352,0.50001216,1.0
2.1572208,15.785953,0.49998346,1.0
2.2384844,16.192472,0.5000044,1.0
0.3343154,6.6717505,0.5000158,1.0
-0.25358275,3.7321925,0.5000105,1.0
1.1986809,10.993684,0.50002754,1.0
0.4543456,7.271967,0.5000207,1.0
0.40960792,7.048057,0.50000197,1.0
0.4326036,7.163194,0.50001657,1.0
0.033065174,5.1652937,0.49999768,1.0
-0.76626134,1.1687901,0.50000954,1.0
-1.0018393,-0.009269848,0.499992,1.0
-2.5280535,-7.6404653,0.49998057,1.0
-0.7295051,1.3523834,0.49999145,1.0
-0.9801026,0.09965033,0.5000166,1.0
-0.5030128,2.4848762,0.4999928,1.0
0.14083579,5.704148,0.4999975,1.0
1.0956178,10.478004,0.49999228,1.0
0.7251164,8.625741,0.5000167,1.0
-0.33423582,3.3287218,0.49999124,1.0
0.19529976,5.976458,0.4999959,1.0
-1.1494881,-0.74746126,0.499998,1.0
-0.65092736,1.7454172,0.50000477,1.0
0.42589918,7.1294622,0.49999794,1.0
0.49632007,7.4815884,0.49999833,1.0
-0.3849133,3.0755355,0.50001,1.0
2.3371685,16.685854,0.50000113,1.0
1.2334288,11.167161,0.50000244,1.0
-0.16313435,4.1845245,0.5000194,1.0
0.7370287,8.685206,0.50000626,1.0
0.7859788,8.9299,0.5000016,1.0
-0.24258152,3.7871153,0.5000015,1.0
-0.32622194,3.3686574,0.49997646,1.0
-1.9442575,-4.7211676,0.50001025,1.0
-1.1801512,-0.9007114,0.5000052,1.0
1.6561532,13.28074,0.49999776,1.0
0.06562636,5.328039,0.49999142,1.0
-1.014513,-0.0725132,0.5000045,1.0
0.55497557,7.7749453,0.50000846,1.0
1.3120704,11.56027,0.49999163,1.0
1.6323507,13.1618805,0.50001323,1.0
0.34999844,6.7501016,0.5000115,1.0
-1.0944933,-0.4724516,0.50000006,1.0
-0.78065056,1.0967519,0.49999976,1.0
0.15652698,5.782578,0.49999446,1.0
-0.43031397,2.8484492,0.50000197,1.0
-0.25428656,3.7288692,0.5000279,1.0
-1.9647024,-4.8235054,0.49999982,1.0
0.4843673,7.421913,0.50000846,1.0
-0.5331925,2.3341558,0.5000119,1.0
0.39406827,6.9703536,0.4999987,1.0
1.129501,10.647537,0.5000033,1.0
-0.785415,1.0730897,0.50001556,1.0
1.4255378,12.127716,0.50000083,1.0
2.144905,15.724541,0.50000143,1.0
0.10537122,5.5266957,0.49998552,1.0
0.69059193,8.453182,0.50002235,1.0
-0.6580807,1.7095654,0.4999971,1.0
-0.4738464,2.6307983,0.5000042,1.0
0.30502778,6.5253234,0.500017,1.0
0.1343535,5.6717443,0.49999774,1.0
0.25425547,6.271289,0.5000027,1.0
1.7886173,13.943121,0.5000046,1.0
-0.65483075,1.7257469,0.4999896,1.0
1.4631498,12.315762,0.500003,1.0
-0.49476922,2.5262597,0.5000101,1.0
-1.392077,-1.9603972,0.49999875,1.0
-2.2782564,-6.391383,0.49998993,1.0
0.18545033,5.9272695,0.5000004,1.0
-0.13605393,4.3197,0.49999854,1.0
-0.6814366,1.5928724,0.5000044,1.0
0.86361265,9.317878,0.49998352,1.0
-0.085620955,4.571908,0.50000006,1.0
-0.651861,1.7405843,0.49998832,1.0
0.19315684,5.965804,0.5000025,1.0
0.39389804,6.969397,0.499991,1.0
1.8526638,14.263418,0.50000876,1.0
-0.7974068,1.0130044,0.5000052,1.0
0.060614448,5.303057,0.49999765,1.0
-0.5535426,2.2323909,0.50001013,1.0
-0.058848538,4.705791,0.5000029,1.0
-0.53573424,2.3214033,0.50000644,1.0
0.5185778,7.5929694,0.5000075,1.0
1.2933317,11.466838,0.5000183,1.0
-0.7561834,1.219046,0.4999987,1.0
0.78433925,8.921626,0.499991,1.0
1.1668779,10.834352,0.49999678,1.0
-0.4472423,2.7635512,0.4999774,1.0
-0.07379937,4.6311283,0.50001186,1.0
-0.40484148,2.9758046,0.50000274,1.0
-0.3058985,3.4703932,0.4999881,1.0
-2.3347924,-6.674214,0.49997666,1.0
-0.28882575,3.5558352,0.49999595,1.0
-0.73464954,1.3267008,0.4999964,1.0
-0.4128845,2.935555,0.49999905,1.0
-0.51367307,2.4317336,0.50000954,1.0
-0.61477613,1.9260149,0.49999145,1.0
-1.4570731,-2.2854085,0.49999458,1.0
0.613124,8.0655575,0.49999443,1.0
0.41761133,7.087971,0.4999926,1.0
0.5019414,7.5096173,0.4999921,1.0
1.5959097,12.979437,0.4999883,1.0
-1.8803875,-4.4020014,0.49999413,1.0
0.37055603,6.8528266,0.5000033,1.0
-0.3979228,3.0102193,0.4999825,1.0
-1.618052,-3.0903547,0.499991,1.0
-1.9555656,-4.777801,0.49999985,1.0
0.2938155,6.4689875,0.49999186,1.0
-0.92112845,0.39432552,0.49999827,1.0
0.67858416,8.392758,0.4999853,1.0
0.79954636,8.99781,0.50000733,1.0
1.2482533,11.241097,0.49998197,1.0
-0.98200125,0.09003707,0.5000063,1.0
0.25390086,6.2695746,0.50000626,1.0
-0.1393277,4.30341,0.5000042,1.0
-0.45253864,2.7373996,0.5000089,1.0
-0.006402173,4.967817,0.49998367,1.0
-2.0039175,-5.0195694,0.50000244,1.0
-0.36787316,3.1607137,0.500008,1.0
1.1784935,10.89255,0.5000084,1.0
1.0351729,10.175957,0.50000846,1.0
-1.5401227,-2.700673,0.49999398,1.0
-0.26476377,3.6761236,0.49999428,1.0
1.5564595,12.782326,0.50000143,1.0
0.4498423,7.249189,0.49999762,1.0
-0.8834087,0.5828557,0.49999043,1.0
1.0630704,10.315295,0.49999422,1.0
0.16714315,5.8356266,0.4999908,1.0
-1.1333017,-0.66635215,0.50001657,1.0
0.20666556,6.0333724,0.5000026,1.0
-1.1065885,-0.53304195,0.49999082,1.0
-1.1324587,-0.66231245,0.49999848,1.0
0.3541057,6.770671,0.5000133,1.0
-0.078807965,4.60569,0.49997437,1.0
0.85102355,9.255041,0.49999312,1.0
0.23921661,6.196273,0.50001776,1.0
-0.6076065,1.9620299,0.5000065,1.0
-0.87485737,0.6257647,0.5000064,1.0
0.17987995,5.8993506,0.4999946,1.0
-1.7678859,-3.8395228,0.49999192,1.0
0.4682448,7.3411846,0.4999962,1.0
0.43669727,7.183474,0.49999934,1.0
-0.89266026,0.5366341,0.49999374,1.0
1.0083303,10.041612,0.4999977,1.0
-1.7152365,-3.5763662,0.49998194,1.0
1.0872742,10.436436,0.5000055,1.0
-0.80513865,0.97440046,0.5000108,1.0
-0.9359139,0.32058743,0.5000152,1.0
0.47796458,7.38989,0.5000053,1.0
-0.30326506,3.4835615,0.49998823,1.0
1.8486171,14.242972,0.4999886,1.0
1.5280857,12.640321,0.4999896,1.0
0.3820501,6.910207,0.49999782,1.0
-1.4323837,-2.1616557,0.500025,1.0
-1.1460837,-0.7305131,0.49999103,1.0
0.8753748,9.376962,0.5000105,1.0
0.99640983,9.982111,0.50000614,1.0
-1.1914996,-0.95776254,0.49997407,1.0
-1.4451727,-2.2257442,0.5000116,1.0
-0.37464905,3.126768,0.5000025,1.0
-1.0517136,-0.25856033,0.4999985,1.0
-0.39892417,3.005331,0.49999478,1.0
0.21976642,6.0987477,0.49999067,1.0
-0.35773027,3.2113,0.49999505,1.0
-1.6259316,-3.129547,0.5000101,1.0
-0.42228046,2.888464,0.49998727,1.0
-0.45113415,2.7442589,0.49999368,1.0
0.9894534,9.947224,0.49999434,1.0
0.84786123,9.239386,0.50000775,1.0
0.13214438,5.660553,0.49998394,1.0
0.33677343,6.6838317,0.4999946,1.0
0.0292866,5.146525,0.5000075,1.0
1.4047846,12.023932,0.50000095,1.0
0.743051,8.715276,0.50000226,1.0
-0.4916817,2.5416408,0.50000566,1.0
-0.7972904,1.0134407,0.49999076,1.0
-0.6391409,1.8043436,0.50000477,1.0
-0.21629998,3.9185946,0.5000092,1.0
-1.0900564,-0.4504525,0.49998337,1.0
0.7480602,8.74042,0.5000102,1.0
0.09639293,5.4819083,0.4999934,1.0
0.65982556,8.299119,0.5000002,1.0
0.19781527,5.9891353,0.50000626,1.0
-0.5623325,2.1884024,0.50000787,1.0
-2.1603024,-5.8014936,0.50000167,1.0
-0.055775624,4.721093,0.49999887,1.0
-1.5297102,-2.6483958,0.5000145,1.0
1.1544193,10.7720785,0.49999672,1.0
-0.077077925,4.614618,0.5000024,1.0
0.8807665,9.403823,0.5000024,1.0
0.69331867,8.466624,0.5000031,1.0
0.85998356,9.299935,0.500002,1.0
1.0951642,10.4758005,0.49999714,1.0
0.9101546,9.550759,0.49999884,1.0
0.3809745,6.904771,0.4999887,1.0
0.47280523,7.363947,0.4999916,1.0
-0.55288875,2.2356143,0.500004,1.0
-0.05742201,4.712841,0.49999562,1.0
0.49273545,7.4637833,0.5000096,1.0
1.7005838,13.502878,0.49999693,1.0
-0.2712002,3.6439798,0.49999887,1.0
0.11267662,5.563386,0.49999964,1.0
-1.1430844,-0.71545476,0.49999535,1.0
0.9496604,9.748248,0.4999933,1.0
-0.96675235,0.16621535,0.49999854,1.0
-0.008780704,4.9560347,0.4999947,1.0
-1.0505062,-0.25253,0.5000003,1.0
-0.2548131,3.7259285,0.49999887,1.0
-0.13935682,4.303283,0.50000656,1.0
1.7298886,13.649539,0.5000116,1.0
-1.2347227,-1.1735393,0.5000081,1.0
0.2926149,6.46297,0.499988,1.0
0.74360687,8.718005,0.5000006,1.0
-1.0637107,-0.31848383,0.5000057,1.0
-0.92063147,0.3968258,0.4999966,1.0
0.6226606,8.1132555,0.49999472,1.0
-0.8334842,0.832834,0.5000237,1.0
-1.539452,-2.6973014,0.49999517,1.0
-0.99789536,0.010465191,0.49999374,1.0
-0.649392,1.7531002,0.5000054,1.0
0.6098948,8.049493,0.5000004,1.0
1.5570712,12.78539,0.50000197,1.0
1.4494117,12.246993,0.49999422,1.0
-0.78402907,1.0799243,0.5000075,1.0
-0.22023255,3.898826,0.49999866,1.0
0.16176769,5.808794,0.49999624,1.0
0.82734674,9.136668,0.4999913,1.0
0.44709525,7.2356157,0.50001574,1.0
0.24770701,6.2384152,0.49998978,1.0
-0.12679334,4.365965,0.4999943,1.0
0.27114323,6.355671,0.49999642,1.0
1.9443406,14.7216215,0.4999919,1.0
0.15026009,5.751258,0.49999437,1.0
0.9615893,9.808166,0.50002223,1.0
0.29694366,6.4847927,0.5000061,1.0
-0.14588857,4.2705584,0.49999988,1.0
-0.3324401,3.337715,0.49999264,1.0
-1.5815722,-2.9078262,0.50000507,1.0
0.119208656,5.595969,0.49999362,1.0
0.3071928,6.535954,0.49999896,1.0
-2.985816,-9.929275,0.49998188,1.0
0.42840645,7.1420717,0.50000346,1.0
-1.8157667,-4.0788074,0.50000143,1.0
1.19685,10.984235,0.49999738,1.0
-0.124983594,4.3751183,0.5000015,1.0
-2.0076249,-5.0381284,0.49999902,1.0
0.033896744,5.1695395,0.5000049,1.0
0.28912058,6.4457335,0.5000131,1.0
-0.97340566,0.13306285,0.5000078,1.0
-1.0068165,-0.034081288,0.5000009,1.0
0.35365748,6.768367,0.50000995,1.0
-1.2817852,-1.4089284,0.5000007,1.0
1.219198,11.095913,0.4999918,1.0
-0.6494641,1.7525624,0.49998844,1.0
1.7784961,13.892471,0.4999997,1.0
-0.6404206,1.7979332,0.5000052,1.0
1.0807422,10.403719,0.50000054,1.0
-1.2534387,-1.2672821,0.4999914,1.0
-1.0140808,-0.07045081,0.49999478,1.0
-0.1837641,4.0811744,0.5000002,1.0
1.4441833,12.220841,0.49999177,1.0
-0.23123622,3.8438401,0.5000013,1.0
0.49918383,7.4958534,0.49999404,1.0
0.34541818,6.727021,0.4999943,1.0
0.5564016,7.7821884,0.500017,1.0
2.167206,15.835929,0.49999133,1.0
0.37616187,6.8807855,0.49999765,1.0
-0.26472664,3.6763694,0.5000001,1.0
0.34274277,6.7137423,0.5000028,1.0
1.49931,12.496508,0.49999696,1.0
0.034485,5.1723895,0.4999983,1.0
-0.2888491,3.5558746,0.50001293,1.0
-0.37460807,3.1270216,0.5000047,1.0
0.5501257,7.7506433,0.50000167,1.0
-0.55018646,2.2490594,0.49999833,1.0
1.2179134,11.089801,0.50002366,1.0
0.11790561,5.589539,0.50000125,1.0
-0.55315113,2.2342718,0.50000304,1.0
0.8988432,9.494236,0.50000054,1.0
-1.1521074,-0.7606801,0.4999868,1.0
-0.3587867,3.206107,0.5000043,1.0
-1.3655987,-1.8280319,0.49999788,1.0
-3.3614643,-11.807216,0.5000124,1.0
-1.4179851,-2.0898592,0.5000072,1.0
-1.8950835,-4.4753966,0.5000031,1.0
0.41992173,7.0997777,0.5000158,1.0
-1.6794312,-3.3972006,0.49999547,1.0
0.27018744,6.3509398,0.49999952,1.0
-0.20684268,3.9657834,0.49999952,1.0
-0.32135552,3.3932567,0.5000033,1.0
-0.35637546,3.218051,0.4999917,1.0
-0.067409165,4.6628966,0.49999443,1.0
-1.2349912,-1.1751622,0.49997944,1.0
1.0008485,10.00417,0.4999921,1.0
-0.17632793,4.118463,0.50001043,1.0
1.631748,13.158589,0.4999841,1.0
1.2703913,11.35193,0.49999768,1.0
-0.26458415,3.6770637,0.49999955,1.0
0.7910902,8.95541,0.49999595,1.0
0.046836477,5.2341533,0.49999726,1.0
-0.523899,2.3805022,0.50000006,1.0
-0.14679785,4.2659106,0.49998957,1.0
0.5513439,7.7568703,0.5000152,1.0
-1.6003729,-3.001951,0.49999234,1.0
0.7906904,8.953577,0.5000126,1.0
2.2643726,16.322,0.50001323,1.0
1.6902642,13.451275,0.4999939,1.0
0.51298493,7.5648837,0.4999975,1.0
-1.1100192,-0.55018127,0.49999285,1.0
-0.6472327,1.7639254,0.50000805,1.0
-1.0827485,-0.41366562,0.5000055,1.0
0.0011173063,5.0055013,0.49999118,1.0
-2.352666,-6.7633276,0.50000155,1.0
-0.6637238,1.681315,0.49999288,1.0
0.5211123,7.605523,0.49999598,1.0
-1.3276317,-1.6384032,0.4999752,1.0
-2.0673137,-5.3366923,0.49998853,1.0
0.03858334,5.192949,0.50000477,1.0
1.5276496,12.638267,0.5000009,1.0
1.2597303,11.298649,0.49999848,1.0
2.4520316,17.260044,0.49999085,1.0
0.019189801,5.096032,0.5000092,1.0
-0.5522961,2.238629,0.50001025,1.0
0.2591083,6.295692,0.50001454,1.0
0.43030375,7.1515718,0.50000477,1.0
2.2677565,16.33872,0.49999374,1.0
-0.3304152,3.3479414,0.5000021,1.0
-1.597089,-2.9852297,0.50002086,1.0
-0.19193743,4.0402727,0.4999966,1.0
-0.70753574,1.4623466,0.5000015,1.0
0.05039947,5.252133,0.5000123,1.0
0.79848063,8.992346,0.4999933,1.0
-0.2980514,3.5096853,0.49999285,1.0
-0.32809973,3.359355,0.4999862,1.0
-0.14182381,4.291041,0.50001603,1.0
-0.3202205,3.3987784,0.49998757,1.0
0.36689624,6.8344426,0.4999968,1.0
1.6452175,13.226313,0.5000218,1.0
2.0052366,15.02609,0.4999917,1.0
-0.047362003,4.7632947,0.5000094,1.0
2.4360294,17.180204,0.5000079,1.0
0.61290324,8.064562,0.50000364,1.0
-0.5444254,2.2781231,0.5000251,1.0
-0.5583946,2.2078302,0.4999802,1.0
-0.22065398,3.896586,0.49998546,1.0
0.48682418,7.43402,0.49998936,1.0
0.9779002,9.889343,0.49998507,1.0
0.32083768,6.6043563,0.5000175,1.0
-1.4828064,-2.4140224,0.500001,1.0
0.49549717,7.4772816,0.49997857,1.0
-0.15389821,4.2304587,0.49999553,1.0
-0.0035724773,4.982029,0.49998876,1.0
-1.0403161,-0.20155506,0.50000256,1.0
0.9756567,9.878299,0.5000013,1.0
-1.0838068,-0.41919726,0.4999851,1.0
1.4445581,12.222918,0.5000124,1.0
0.11356208,5.567807,0.5000016,1.0
-0.43502286,2.8249583,0.50000715,1.0
-0.7139546,1.4301554,0.49999434,1.0
-0.855058,0.72460026,0.49998903,1.0
0.8485792,9.242862,0.49999723,1.0
2.135747,15.678776,0.5000031,1.0
-0.4069574,2.96526,0.5000044,1.0
1.1548574,10.774157,0.4999861,1.0
-0.67450047,1.6274749,0.49999955,1.0
0.092364356,5.4617667,0.49999553,1.0
-1.3461252,-1.7306505,0.4999978,1.0
0.4580441,7.2902727,0.5000045,1.0
-1.2331998,-1.1660527,0.499993,1.0
1.1253183,10.626555,0.49999622,1.0
0.0014355516,5.0070424,0.49998602,1.0
-0.4228605,2.8860073,0.5000322,1.0
1.0402195,10.20104,0.49999258,1.0
-0.24751166,3.762434,0.4999985,1.0
0.28083253,6.403952,0.49997824,1.0
0.26767156,6.3384395,0.500008,1.0
-1.197711,-0.98857176,0.49999842,1.0
-0.63873637,1.806172,0.49998528,1.0
0.020797765,5.104077,0.500009,1.0
-0.9823786,0.088146105,0.50000155,1.0
-0.6329909,1.8349509,0.49999014,1.0
-0.50516135,2.4741304,0.49999472,1.0
-0.14021383,4.299052,0.5000134,1.0
1.5142769,12.571453,0.5000076,1.0
-1.272982,-1.36493,0.4999972,1.0
-0.4734939,2.6324246,0.49998918,1.0
0.12307878,5.615525,0.5000132,1.0
-0.67218417,1.6390241,0.49999458,1.0
-0.13506633,4.324566,0.49999017,1.0
1.3021939,11.510925,0.4999944,1.0
0.6411521,8.20568,0.49999297,1.0
0.046082247,5.2304935,0.5000063,1.0
-0.5067096,2.4666104,0.500016,1.0
-0.94334996,0.2830182,0.49997717,1.0
2.007862,15.039278,0.49999404,1.0
-1.3875324,-1.9376727,0.5000012,1.0
0.44295815,7.2148037,0.50000286,1.0
-1.2230262,-1.1149977,0.5000134,1.0
0.5324053,7.6623225,0.5000294,1.0
-0.5531949,2.2339623,0.49999368,1.0
0.4210248,7.1050353,0.49999002,1.0
0.7595075,8.797633,0.50000966,1.0
-0.89124686,0.54385036,0.50000894,1.0
-0.33227074,3.3385441,0.49998945,1.0
0.68708426,8.435401,0.49999705,1.0
-1.2522897,-1.2615421,0.49998975,1.0
-1.1627234,-0.81387436,0.49997428,1.0
0.35647222,6.782361,0.49999943,1.0
1.1820868,10.91053,0.50000834,1.0
-0.49588957,2.5207667,0.50002205,1.0
0.22754048,6.1376333,0.4999928,1.0
-0.07295443,4.6351175,0.49999055,1.0
-1.8285534,-4.142703,0.50000596,1.0
0.58639276,7.9318476,0.49998912,1.0
0.36704522,6.835127,0.4999886,1.0
-0.35089523,3.2454596,0.4999942,1.0
0.93263966,9.663168,0.4999956,1.0
-1.4993201,-2.4964972,0.5000113,1.0
-1.2999063,-1.4996277,0.49999014,1.0
1.2548143,11.274237,0.50001764,1.0
-1.1329594,-0.66501886,0.49997818,1.0
-0.4288191,2.855836,0.4999938,1.0
0.20216227,6.010853,0.5000027,1.0
-0.16388549,4.1806054,0.50000364,1.0
0.60062337,8.00309,0.49999726,1.0
-0.29913643,3.5043027,0.49999866,1.0
0.18622121,5.931013,0.49999008,1.0
0.20370519,6.0183578,0.4999834,1.0
1.0354304,10.177159,0.50000083,1.0
0.545342,7.726694,0.49999726,1.0
2.019521,15.097647,0.5000026,1.0
-1.0246483,-0.123302914,0.49999452,1.0
-0.86911255,0.6546831,0.50002426,1.0
-0.5486351,2.256839,0.5000012,1.0
-0.72175765,1.3912224,0.49999934,1.0
0.8391781,9.195986,0.5000103,1.0
1.2651491,11.325845,0.5000097,1.0
-0.9735857,0.13211182,0.50000244,1.0
1.0557283,10.278795,0.5000162,1.0
-0.03255082,4.837129,0.4999881,1.0
-0.3679367,3.1602862,0.49999732,1.0
0.7554632,8.777102,0.49997813,1.0
0.56029564,7.801474,0.49999914,1.0
0.20527092,6.026283,0.49999186,1.0
-1.5080795,-2.540365,0.5000027,1.0
0.9289937,9.644992,0.5000039,1.0
-0.48006427,2.5995028,0.49998298,1.0
-0.1416214,4.291937,0.50000477,1.0
1.4784777,12.392478,0.5000081,1.0
-0.7136565,1.431637,0.49999002,1.0
-0.19893171,4.00542,0.50000805,1.0
-1.3050965,-1.5256377,0.49998456,1.0
0.6218994,8.109285,0.49998084,1.0
-0.06193051,4.6904116,0.5000058,1.0
1.4150443,12.0755,0.5000255,1.0
1.1059812,10.529815,0.49998963,1.0
0.056114815,5.2804446,0.49998584,1.0
-1.5539838,-2.7698333,0.50000834,1.0
-0.049404588,4.7529974,0.5000018,1.0
-1.641329,-3.2068121,0.49998444,1.0
-0.4175801,2.9120812,0.49999735,1.0
1.156399,10.782071,0.50000864,1.0
-0.92797506,0.36018693,0.5000053,1.0
-1.2503494,-1.2516481,0.5000101,1.0
0.8432637,9.216234,0.49999198,1.0
-0.9716504,0.14182344,0.5000066,1.0
0.10292518,5.514408,0.49997935,1.0
-0.068125375,4.659529,0.5000147,1.0
0.41222164,7.061027,0.49999142,1.0
0.50852424,7.542873,0.50002474,1.0
0.78371626,8.918581,0.49999914,1.0
-0.5198913,2.4004848,0.49999315,1.0
-1.4388105,-2.1940053,0.5000048,1.0
2.0404835,15.202235,0.4999821,1.0
-0.3376161,3.3119056,0.4999998,1.0
-0.6405875,1.7970835,0.50000334,1.0
-0.3044662,3.4777558,0.5000095,1.0
2.130239,15.651144,0.49999547,1.0
0.50522166,7.5260353,0.499993,1.0
0.4684074,7.341962,0.49999145,1.0
0.47952956,7.3974957,0.49998692,1.0
1.2912818,11.4564705,0.5000066,1.0
0.16923085,5.8461523,0.5,1.0
-0.96209824,0.18945363,0.4999926,1.0
0.40905017,7.045256,0.4999996,1.0
0.16565043,5.828262,0.49999985,1.0
-0.26497823,3.6750007,0.49998847,1.0
-0.21309072,3.9344187,0.49998862,1.0
-1.9287324,-4.643587,0.50000584,1.0
0.008508068,5.04254,0.5000003,1.0
0.19091709,5.9546275,0.50000244,1.0
-1.5622624,-2.8113601,0.49999616,1.0
0.6736116,8.368131,0.50000876,1.0
0.47302547,7.365061,0.49999112,1.0
-0.101879016,4.4907026,0.5000111,1.0
0.6233287,8.116589,0.499995,1.0
-1.326706,-1.6336132,0.49999422,1.0
0.3290197,6.6451144,0.5000031,1.0
-0.17205374,4.1398406,0.50001127,1.0
1.2502627,11.251262,0.49999392,1.0
-1.5466585,-2.7333431,0.4999957,1.0
0.85229635,9.261396,0.49999204,1.0
0.27691546,6.384647,0.5000066,1.0
-0.45180693,2.7408676,0.49999014,1.0
-1.3292687,-1.6462607,0.50000876,1.0
0.044139866,5.2208014,0.5000091,1.0
-0.06969295,4.651529,0.49999905,1.0
0.20526336,6.0262337,0.49999255,1.0
-0.95305806,0.2346069,0.4999879,1.0
1.2104522,11.052292,0.50000376,1.0
-0.67028296,1.6486937,0.5000105,1.0
0.21376608,6.068744,0.4999924,1.0
1.414829,12.074179,0.5000042,1.0
0.044330157,5.221624,0.49999496,1.0
-0.7434013,1.282807,0.49998042,1.0
-1.4591836,-2.2957966,0.5000111,1.0
0.53484565,7.6742487,0.50000274,1.0
0.7939725,8.969928,0.50000614,1.0
1.950793,14.754006,0.5000039,1.0
-2.4942188,-7.471084,0.5000013,1.0
-0.30606487,3.4696639,0.4999975,1.0
-1.6944079,-3.4719923,0.5000046,1.0
1.003314,10.016598,0.5000016,1.0
-1.3030534,-1.5152441,0.5000038,1.0
0.1705207,5.852596,0.49999902,1.0
0.99946207,9.997305,0.49999744,1.0
0.22793743,6.1398835,0.5000187,1.0
-0.32546425,3.3727434,0.5000065,1.0
0.39467442,6.9734063,0.50000256,1.0
-0.7524611,1.2376117,0.49999246,1.0
0.50381905,7.519159,0.50000596,1.0
-0.5801276,2.0991879,0.4999825,1.0
-0.10505484,4.4747944,0.5000088,1.0
-2.1591218,-5.795468,0.50001335,1.0
0.49765018,7.4883122,0.5000059,1.0
1.9480379,14.740126,0.49999344,1.0
-1.1287725,-0.64385563,0.5000012,1.0
0.732993,8.665161,0.50001985,1.0
0.8612185,9.306292,0.50002086,1.0
0.009070152,5.045203,0.49998367,1.0
-0.7317413,1.3413473,0.5000046,1.0
0.7745961,8.872947,0.49999633,1.0
-2.6527283,-8.263646,0.49999726,1.0
0.16954567,5.847714,0.49999872,1.0
0.3939221,6.969433,0.4999804,1.0
-0.79962915,1.001831,0.49999672,1.0
-0.11570472,4.4214306,0.4999948,1.0
0.32715893,6.6358585,0.50000644,1.0
1.1958028,10.978925,0.49999192,1.0
0.88534755,9.42679,0.500006,1.0
0.6430866,8.215414,0.49999732,1.0
0.63659894,8.183054,0.5000073,1.0
-0.6670893,1.6644118,0.49998596,1.0
-0.93916506,0.30427742,0.50000966,1.0
1.0971869,10.485974,0.50000286,1.0
1.334924,11.674613,0.49999952,1.0
0.96235144,9.811745,0.49999738,1.0
-0.58570695,2.071481,0.5000017,1.0
1.055685,10.27837,0.4999936,1.0
-0.11123735,4.443772,0.49999568,1.0
-0.47079822,2.6458879,0.49998668,1.0
1.2725633,11.362937,0.50001144,1.0
1.2479991,11.239826,0.49998322,1.0
-0.059556995,4.7021523,0.49999416,1.0
-1.6364355,-3.1821928,0.4999969,1.0
-0.8678339,0.66085905,0.5000012,1.0
-0.20791356,3.9605136,0.50000846,1.0
-1.368489,-1.8423489,0.50000834,1.0
0.33895367,6.6947775,0.500001,1.0
0.48975828,7.448856,0.50000507,1.0
0.93218356,9.660989,0.500008,1.0
0.8094925,9.047547,0.5000091,1.0
1.8551419,14.275738,0.5000035,1.0
0.15955506,5.797922,0.5000147,1.0
-0.8259256,0.87049484,0.5000119,1.0
0.35194516,6.7597284,0.50000113,1.0
-0.7464165,1.2679019,0.49999705,1.0
-0.6327354,1.8361716,0.49998748,1.0
-1.1523895,-0.7619926,0.49999484,1.0
1.5012813,12.506511,0.5000089,1.0
0.9790614,9.895264,0.49999535,1.0
0.26252878,6.3126893,0.50000393,1.0
0.61768436,8.088399,0.49999833,1.0
-0.8683144,0.65826756,0.49998316,1.0
0.30053732,6.502745,0.50000775,1.0
-1.03603,-0.17997742,0.5000168,1.0
0.6495816,8.248021,0.5000106,1.0
1.2411984,11.20591,0.49999252,1.0
0.9112203,9.556114,0.50000155,1.0
-0.7845718,1.0772718,0.5000146,1.0
-1.1507232,-0.75381565,0.4999818,1.0
0.9263526,9.631706,0.49999517,1.0
-1.5001754,-2.5010204,0.4999849,1.0
0.09398634,5.4699235,0.499999,1.0
0.15147635,5.7572923,0.4999899,1.0
-2.3390312,-6.69517,0.49999753,1.0
-0.39596397,3.020116,0.49999413,1.0
0.91622937,9.580994,0.49998578,1.0
-0.61000943,1.9499464,0.5000011,1.0
1.4157286,12.078712,0.50000894,1.0
0.3726289,6.8630114,0.49998558,1.0
-0.9772204,0.11385605,0.49999622,1.0
-0.37298784,3.135134,0.5000066,1.0
-0.0414775,4.792473,0.49998426,1.0
-0.055942956,4.720322,0.5000017,1.0
1.8110061,14.055086,0.5000048,1.0
-0.8055653,0.9722649,0.5000103,1.0
0.6441701,8.220763,0.4999909,1.0
-0.45029667,2.7484107,0.49998903,1.0
-0.4816662,2.5917442,0.5000075,1.0
-0.4794337,2.60269,0.49998572,1.0
1.6640084,13.320025,0.49999768,1.0
0.34982684,6.7490797,0.49999374,1.0
0.013431237,5.06714,0.50000006,1.0
-0.6797676,1.6012478,0.5000071,1.0
0.33764225,6.6881213,0.4999914,1.0
-0.6898265,1.5507824,0.49999106,1.0
0.13835745,5.691627,0.49998385,1.0
-0.788521,1.0572915,0.49998885,1.0
0.22640577,6.1319866,0.499996,1.0
2.3581414,16.790745,0.50000423,1.0
-0.10533264,4.4732146,0.49998719,1.0
-1.0944794,-0.4723371,0.5000047,1.0
-1.7074956,-3.5374312,0.5000053,1.0
-0.11071368,4.4464293,0.4999996,1.0
0.45453748,7.272707,0.5000008,1.0
1.2752283,11.376161,0.5000012,1.0
0.42949757,7.1477547,0.5000276,1.0
-1.8170012,-4.0850825,0.49999425,1.0
-0.8935063,0.53229797,0.49998233,1.0
0.67705786,8.385196,0.4999909,1.0
0.7591585,8.795871,0.5000071,1.0
-1.6077543,-3.038944,0.49998313,1.0
-1.517872,-2.5895295,0.49998292,1.0
-0.065277345,4.6738057,0.50001925,1.0
0.44984174,7.249123,0.49999273,1.0
1.0620332,10.310197,0.50000215,1.0
0.2799393,6.399568,0.49999017,1.0
2.0717015,15.358503,0.5000004,1.0
0.6076923,8.038433,0.49999768,1.0
0.9889668,9.94497,0.5000136,1.0
1.4087163,12.043609,0.49999988,1.0
-0.4942968,2.5284915,0.49999866,1.0
2.720641,18.603268,0.5000063,1.0
-0.63458127,1.8271524,0.5000047,1.0
0.6261103,8.130563,0.50000054,1.0
-0.95041484,0.2478987,0.49999672,1.0
-2.3238835,-6.619362,0.50000614,1.0
0.71068615,8.553495,0.5000064,1.0
-0.5888825,2.0556679,0.50000894,1.0
-0.096893236,4.5155125,0.49999928,1.0
1.0909928,10.454971,0.5000005,1.0
-1.1978663,-0.9894081,0.4999924,1.0
0.24642794,6.232308,0.50001836,1.0
1.7786876,13.893527,0.50000775,1.0
0.45766166,7.28836,0.50000477,1.0
-0.6872988,1.5633878,0.49998787,1.0
-0.82358366,0.8821306,0.5000043,1.0
0.11364292,5.5681334,0.49999157,1.0
0.5939121,7.9694066,0.4999857,1.0
-0.05781251,4.71101,0.50000596,1.0
0.7709121,8.854777,0.50002164,1.0
-1.1378628,-0.6893173,0.49999982,1.0
0.26386237,6.3193007,0.4999994,1.0
-1.6295202,-3.1476643,0.49999464,1.0
-0.67259675,1.637099,0.5000083,1.0
0.43366084,7.168159,0.49998525,1.0
0.32152957,6.607587,0.49999496,1.0
-0.32615152,3.3690152,0.49997774,1.0
-0.6756544,1.6217107,0.4999977,1.0
1.19352,10.967616,0.5000011,1.0
-0.7535802,1.2320888,0.49999702,1.0
-0.35864428,3.2068045,0.5000032,1.0
0.9741821,9.870794,0.49998796,1.0
0.3797126,6.8987303,0.5000159,1.0
-0.056137916,4.719423,0.5000103,1.0
-2.6224163,-8.112008,0.50000674,1.0
-0.75958407,1.2019968,0.4999917,1.0
1.0386939,10.193351,0.49998873,1.0
-0.4383147,2.8085976,0.5000149,1.0
-0.4202934,2.898656,0.5000108,1.0
0.26148218,6.3072877,0.49998677,1.0
0.5081819,7.540909,0.5000009,1.0
-0.5332479,2.333744,0.49999818,1.0
-1.8059211,-4.029592,0.5000003,1.0
-0.07564741,4.6217966,0.5000017,1.0
0.2626004,6.3130584,0.50000656,1.0
-0.35296676,3.2352588,0.50001,1.0
0.9125548,9.562654,0.4999872,1.0
1.8781366,14.390723,0.5000037,1.0
0.18385936,5.91936,0.50000477,1.0
2.3912203,16.956133,0.5000034,1.0
0.768233,8.840926,0.49997562,1.0
-0.96962124,0.15192387,0.5000029,1.0
0.23110607,6.1556206,0.50000954,1.0
-1.2519953,-1.2598774,0.50000805,1.0
-1.7021557,-3.5108385,0.49999458,1.0
-1.3152685,-1.576423,0.4999924,1.0
0.086386286,5.431995,0.50000596,1.0
0.9647753,9.823914,0.50000376,1.0
-0.405254,2.9738014,0.50000674,1.0
-0.12563016,4.371954,0.50001127,1.0
0.5557249,7.7785196,0.499991,1.0
-0.3262289,3.369101,0.50002426,1.0
0.83864975,9.193177,0.49999312,1.0
0.6985013,8.492482,0.49999896,1.0
-0.4203546,2.8981323,0.4999893,1.0
1.661625,13.308121,0.5,1.0
-0.8764684,0.61766815,0.5000032,1.0
-1.0218503,-0.109144196,0.5000102,1.0
-1.321438,-1.6071593,0.50000334,1.0
-0.9006324,0.49688327,0.50000507,1.0
-1.065336,-0.32654467,0.5000113,1.0
-0.29129252,3.5437179,0.5000163,1.0
-0.054761723,4.7260985,0.49999145,1.0
0.7422468,8.71122,0.4999989,1.0
0.18247958,5.91243,0.5000031,1.0
1.3719718,11.859974,0.50001335,1.0
1.5224665,12.612244,0.4999907,1.0
0.038569596,5.19306,0.50001967,1.0
-0.3071116,3.4644485,0.50000054,1.0
1.963169,14.81606,0.500022,1.0
-0.35993138,3.2003055,0.49999535,1.0
1.700547,13.502781,0.5000052,1.0
1.0265218,10.132615,0.50000226,1.0
-1.1599499,-0.7997347,0.50000155,1.0
0.70577496,8.5288725,0.49999997,1.0
2.7737858,18.868929,0.5000005,1.0
1.1576139,10.788155,0.5000085,1.0
2.0748105,15.374099,0.5000049,1.0
-0.34665918,3.266605,0.49999222,1.0
-0.19742122,4.0128937,0.50000066,1.0
0.9631109,9.81557,0.50000244,1.0
1.1508269,10.754285,0.5000154,1.0
-1.1720963,-0.86055356,0.49999297,1.0
-0.28134435,3.5932298,0.49999535,1.0
0.89090663,9.454499,0.49999598,1.0
-0.23637128,3.8181279,0.49999842,1.0
0.7442595,8.721597,0.5000292,1.0
1.701908,13.509545,0.5000002,1.0
-0.42750108,2.8624003,0.4999902,1.0
0.81219167,9.061012,0.5000054,1.0
-1.1778611,-0.889278,0.5000027,1.0
0.10786951,5.5393085,0.49999607,1.0
-0.9950483,0.025096884,0.5000328,1.0
-0.3873973,3.0630934,0.500007,1.0
1.0593253,10.29664,0.50000113,1.0
-0.12278051,4.38615,0.5000037,1.0
-0.75040406,1.2479725,0.49999937,1.0
0.90345806,9.517204,0.49999133,1.0
0.14630878,5.7315097,0.49999607,1.0
-0.5355987,2.3221974,0.50001967,1.0
-0.6977583,1.5110377,0.49998224,1.0
-0.51897943,2.404943,0.49998543,1.0
-1.1099302,-0.5495456,0.50000924,1.0
0.0069270153,5.0349092,0.5000267,1.0
1.0777266,10.388562,0.49999148,1.0
-0.08033045,4.5983696,0.50000143,1.0
0.19606791,5.980191,0.49998453,1.0
-0.92914516,0.35427606,0.50000083,1.0
-1.3946502,-1.9731307,0.50001115,1.0
1.0170871,10.085361,0.49999416,1.0
0.82195485,9.10985,0.5000084,1.0
-0.45489863,2.725653,0.50001425,1.0
-0.09721347,4.513943,0.500002,1.0
0.3754168,6.8770432,0.49999517,1.0
-0.38064918,3.0968409,0.50001013,1.0
1.0525206,10.262489,0.49999002,1.0
0.3438381,6.719149,0.4999953,1.0
-1.0073538,-0.036776602,0.5000004,1.0
-0.3986378,3.0070238,0.5000214,1.0
1.2771162,11.385385,0.49998155,1.0
-0.5772849,2.1135836,0.49999964,1.0
-0.2718381,3.6408741,0.5000076,1.0
-0.8964683,0.5176817,0.5000028,1.0
-0.57698035,2.1152244,0.5000124,1.0
0.70254326,8.512796,0.5000105,1.0
-0.8221635,0.88890624,0.4999737,1.0
-1.3025625,-1.5127429,0.5000058,1.0
-0.28940132,3.5529509,0.49999508,1.0
-0.30386364,3.4808457,0.50001746,1.0
-0.75633353,1.2183098,0.49999994,1.0
0.5208261,7.604443,0.50003135,1.0
-0.022849482,4.8856716,0.49999204,1.0
0.076826744,5.3842025,0.50000715,1.0
0.60638094,8.031868,0.49999583,1.0
1.7162563,13.581309,0.500002,1.0
0.3520473,6.7604427,0.5000202,1.0
-2.8347354,-9.173897,0.4999754,1.0
-0.85950416,0.7025955,0.50001115,1.0
-3.2028847,-11.0144825,0.49999276,1.0
0.5893732,7.9468565,0.49999848,1.0
-2.0070505,-5.035283,0.49999806,1.0
0.08243204,5.4122047,0.5000053,1.0
-0.8575068,0.71252817,0.5000072,1.0
0.9637036,9.818435,0.49999258,1.0
-1.2806351,-1.4033139,0.4999866,1.0
-0.755919,1.2205052,0.50000864,1.0
0.35413855,6.770662,0.49999714,1.0
1.1671349,10.835689,0.500002,1.0
0.13187665,5.659398,0.5000027,1.0
0.4287566,7.143703,0.4999941,1.0
0.7116235,8.558205,0.5000087,1.0
0.7946376,8.973228,0.5000045,1.0
0.6464643,8.232301,0.49999785,1.0
1.576854,12.884296,0.500002,1.0
-0.74675566,1.2662641,0.50000304,1.0
-0.7156535,1.4216212,0.49998763,1.0
1.0917956,10.458951,0.49999815,1.0
1.3497837,11.748948,0.5000032,1.0
-1.3720622,-1.8603003,0.49999946,1.0
-0.6647207,1.6764017,0.50000167,1.0
0.13456932,5.6728888,0.5000038,1.0
2.2539372,16.269583,0.49998933,1.0
2.083267,15.416449,0.5000121,1.0
-1.2492386,-1.2463686,0.49998316,1.0
0.24810526,6.24049,0.4999959,1.0
0.07658778,5.3829665,0.5000018,1.0
0.58413136,7.9205904,0.499992,1.0
-0.32641426,3.368028,0.50000995,1.0
-0.7334765,1.3326764,0.5000066,1.0
-1.3528914,-1.764543,0.4999929,1.0
1.1725099,10.862434,0.49998888,1.0
-1.0491834,-0.24594945,0.49999627,1.0
1.6011066,13.005397,0.4999864,1.0
-0.9811675,0.09397326,0.49998212,1.0
-1.5499194,-2.7496417,0.49999484,1.0
0.6097496,8.048823,0.5000058,1.0
0.38231346,6.9115834,0.50000066,1.0
-0.13305521,4.3347235,0.499999,1.0
-0.5888021,2.0559943,0.5,1.0
1.4474814,12.237336,0.499994,1.0
-0.36042726,3.1979523,0.5000084,1.0
-0.5476363,2.2617898,0.49999636,1.0
-1.0519401,-0.25965226,0.50000465,1.0
-0.45807135,2.709632,0.49999952,1.0
0.052159604,5.2608385,0.5000047,1.0
-1.0581417,-0.29048365,0.5000218,1.0
-1.3219572,-1.6098542,0.499994,1.0
-0.82273537,0.8864885,0.5000161,1.0
0.4199,7.099513,0.5000008,1.0
-0.04652427,4.7674527,0.5000074,1.0
0.3668493,6.834197,0.49999362,1.0
0.2319666,6.159853,0.50000006,1.0
-1.1507378,-0.75381476,0.49998873,1.0
-0.25747415,3.7125106,0.49998778,1.0
-0.47567362,2.6215992,0.49999544,1.0
-0.71453124,1.4272773,0.49999377,1.0
-1.3895524,-1.9479339,0.49998298,1.0
-1.1772465,-0.88609457,0.50001395,1.0
-1.2060599,-1.0302303,0.5000085,1.0
-0.35559553,3.2220535,0.50000393,1.0
1.7422572,13.711433,0.50001556,1.0
0.6217639,8.108822,0.5000006,1.0
-0.9340316,0.32990873,0.5000047,1.0
0.11454434,5.5726857,0.49999636,1.0
0.5140257,7.5700073,0.49998754,1.0
-0.29762486,3.511726,0.49998707,1.0
-1.7573453,-3.786704,0.5000015,1.0
-1.2543935,-1.2719164,0.5000067,1.0
-0.19479656,4.0261097,0.5000077,1.0
-2.046938,-5.2346377,0.5000042,1.0
1.1384599,10.692347,0.5000033,1.0
0.62454987,8.122911,0.5000177,1.0
1.5736258,12.867873,0.4999752,1.0
0.052483704,5.26251,0.50000894,1.0
-0.006212274,4.9689555,0.5000014,1.0
2.1556494,15.778336,0.5000096,1.0
-1.632154,-3.160854,0.49999014,1.0
-0.83283824,0.8357017,0.49998817,1.0
1.811271,14.056468,0.5000127,1.0
-2.0507414,-5.2537584,0.4999936,1.0
-0.6361508,1.8192189,0.49999645,1.0
1.4844514,12.422332,0.5000079,1.0
-0.8773303,0.6133342,0.49999872,1.0
1.44954,12.247726,0.50000495,1.0
-0.18370378,4.0816336,0.50001407,1.0
-0.43747908,2.8125086,0.49998853,1.0
-0.84986323,0.75065494,0.49999943,1.0
-0.5701438,2.1491961,0.49999088,1.0
-0.47033504,2.6483605,0.50000274,1.0
0.45194268,7.2595983,0.49998745,1.0
1.0806959,10.403562,0.5000078,1.0
-0.3607615,3.1963527,0.5000159,1.0
-0.50650346,2.467362,0.49998787,1.0
0.72835493,8.641943,0.50001687,1.0
-0.019035684,4.90478,0.49999443,1.0
-1.6456207,-3.2282422,0.49998435,1.0
-0.5763384,2.1183567,0.500005,1.0
-0.9385054,0.30745125,0.49999902,1.0
0.9718693,9.859366,0.50000256,1.0
1.7561646,13.780782,0.49999642,1.0
-1.7165136,-3.5825593,0.5000005,1.0
-0.47572434,2.62114,0.49997792,1.0
-0.016600091,4.916919,0.49999073,1.0
2.768376,18.841785,0.49999133,1.0
-2.0843685,-5.421955,0.49998954,1.0
2.1237705,15.618721,0.49998757,1.0
1.1232907,10.616472,0.5000016,1.0
-0.358459,3.2077384,0.5000036,1.0
1.0343027,10.171594,0.5000078,1.0
0.85277873,9.264077,0.5000167,1.0
-1.0315878,-0.15790683,0.5000026,1.0
1.39995,11.999737,0.49999818,1.0
-1.4456115,-2.2279983,0.5000049,1.0
-0.46752423,2.6624649,0.5000081,1.0
0.7520894,8.760517,0.5000054,1.0
0.21933627,6.096748,0.50000757,1.0
-0.81106937,0.9445642,0.49998894,1.0
1.0766737,10.383442,0.50000876,1.0
-2.6262486,-8.131327,0.4999914,1.0
0.5547525,7.7738166,0.50000554,1.0
-1.0641531,-0.32083425,0.49999228,1.0
1.1279964,10.639896,0.4999901,1.0
0.34803763,6.740389,0.5000194,1.0
0.6403495,8.201839,0.5000098,1.0
0.58410466,7.9205503,0.5000007,1.0
0.0123493895,5.061685,0.49999216,1.0
-1.2824364,-1.412173,0.5000012,1.0
-0.5036989,2.4814863,0.4999956,1.0
0.9656132,9.82808,0.5000022,1.0
-0.22420047,3.8790781,0.50000644,1.0
0.8645521,9.322788,0.50000143,1.0
-0.6759965,1.6199154,0.4999889,1.0
0.9934525,9.967199,0.49999344,1.0
-0.56020355,2.198991,0.5000002,1.0
1.9052329,14.526175,0.50000095,1.0
-1.8314981,-4.15745,0.5000047,1.0
0.2513364,6.256531,0.49998587,1.0
0.4218161,7.109042,0.499996,1.0
-0.5842207,2.0786936,0.49997982,1.0
-0.943618,0.28202894,0.50001234,1.0
0.243044,6.2152467,0.5000023,1.0
-0.3373721,3.3130054,0.4999864,1.0
-2.050468,-5.2522945,0.5000046,1.0
2.6777365,18.388655,0.49999744,1.0
1.428509,12.142504,0.49999395,1.0
0.6675754,8.337791,0.49999118,1.0
-0.34442404,3.277682,0.4999804,1.0
-1.2921927,-1.4610153,0.49999347,1.0
-0.117166005,4.4140906,0.49999133,1.0
0.53710616,7.685397,0.4999868,1.0
-0.8708819,0.6456019,0.50000006,1.0
-2.597572,-7.9878426,0.50000274,1.0
0.18294594,5.914756,0.5000012,1.0
-0.51154006,2.4420228,0.49997246,1.0
-0.6468817,1.7656248,0.5000038,1.0
-0.48567238,2.5715673,0.4999938,1.0
0.68994105,8.449733,0.5000047,1.0
-2.0639982,-5.319866,0.5000132,1.0
0.31501818,6.5751524,0.5000063,1.0
1.4535819,12.267908,0.4999993,1.0
-0.19612588,4.0192895,0.4999914,1.0
-0.12170753,4.391534,0.50000757,1.0
-0.15582621,4.2208753,0.5000015,1.0
-0.9294014,0.35302225,0.500003,1.0
-0.28892425,3.5552967,0.4999927,1.0
2.3889697,16.944868,0.5000027,1.0
-0.3743847,3.1280015,0.4999921,1.0
-0.92040867,0.39811835,0.5000173,1.0
0.7020555,8.510269,0.49999955,1.0
-1.0129151,-0.06469141,0.49998915,1.0
0.6484019,8.24199,0.49999794,1.0
-0.13109456,4.3445225,0.49999842,1.0
-0.48257565,2.5871983,0.5000086,1.0
-1.1983755,-0.9919737,0.49999058,1.0
-0.6197406,1.9012887,0.50000006,1.0
1.0929348,10.46474,0.5000072,1.0
1.5440186,12.720157,0.5000054,1.0
-0.19474506,4.0262737,0.5000008,1.0
-1.2403674,-1.201775,0.50000465,1.0
0.47561064,7.3781385,0.5000083,1.0
-0.7190903,1.4045664,0.500002,1.0
-0.2960227,3.5198271,0.49999347,1.0
1.8702309,14.3512125,0.5000057,1.0
-0.42152417,2.8922162,0.49998337,1.0
1.0186542,10.093349,0.50000876,1.0
-1.6462379,-3.2311275,0.50000554,1.0
1.6291654,13.1457615,0.499992,1.0
0.06895442,5.3448696,0.50000775,1.0
-0.64909244,1.7546269,0.50000864,1.0
0.6934772,8.467555,0.5000173,1.0
-0.9692701,0.15353362,0.49999028,1.0
-0.57232106,2.1382165,0.4999835,1.0
0.624936,8.124602,0.4999899,1.0
-0.87837744,0.6079714,0.49998537,1.0
0.1805515,5.9028344,0.50000757,1.0
-1.7974075,-3.9869833,0.50000495,1.0
-0.6024009,1.9881837,0.5000195,1.0
-1.622358,-3.1118693,0.4999922,1.0
0.10988329,5.549274,0.49998614,1.0
1.6803781,13.402015,0.50001246,1.0
0.9963884,9.981772,0.49998346,1.0
-0.31598794,3.4200578,0.50000066,1.0
0.6655769,8.327867,0.499998,1.0
0.6293694,8.146926,0.5000085,1.0
0.4426221,7.213146,0.5000036,1.0
0.40960228,7.048004,0.49999923,1.0
0.32518348,6.6258926,0.49999744,1.0
1.7910317,13.955049,0.49998775,1.0
0.256555,6.2828116,0.5000033,1.0
-0.51156163,2.442092,0.49999046,1.0
-0.55036694,2.2481027,0.4999932,1.0
1.7934422,13.967067,0.49998465,1.0
1.044306,10.221406,0.4999881,1.0
0.03342572,5.1670647,0.49999535,1.0
-0.41155735,2.9420893,0.49998903,1.0
-0.35226718,3.2386444,0.49999663,1.0
0.63609856,8.180414,0.49999282,1.0
0.1321444,5.6607513,0.500004,1.0
0.3950485,6.975277,0.50000376,1.0
-0.33034402,3.348129,0.49998507,1.0
-0.7066625,1.4667954,0.50001025,1.0
-0.31713912,3.4143012,0.50000006,1.0
-0.6182154,1.9090127,0.50000983,1.0
1.8926727,14.463311,0.49999407,1.0
1.3980839,11.9904785,0.5000047,1.0
-0.7090954,1.4546088,0.5000103,1.0
-1.1064099,-0.5321608,0.49999067,1.0
2.9160848,19.580307,0.49998847,1.0
-0.52323246,2.383884,0.5000045,1.0
-0.33091,3.3454137,0.49999574,1.0
-1.4522581,-2.2611713,0.50001323,1.0
-0.57617766,2.1190937,0.4999997,1.0
1.6589676,13.294739,0.49998978,1.0
-0.34755936,3.2621884,0.49999925,1.0
-0.68818486,1.5590726,0.49999958,1.0
1.4171574,12.085644,0.4999852,1.0
0.9519184,9.75963,0.5000028,1.0
-0.7748287,1.1255194,0.49996334,1.0
0.08126756,5.406405,0.5000046,1.0
-0.11052177,4.447486,0.5000081,1.0
-0.64939135,1.7530103,0.49999633,1.0
0.20970324,6.048448,0.49999207,1.0
-0.8479557,0.76026404,0.5000043,1.0
-0.32421044,3.3788717,0.49999243,1.0
1.1236982,10.618462,0.49999678,1.0
1.1529772,10.764849,0.49999815,1.0
1.551841,12.759213,0.5000003,1.0
-0.6464586,1.7676058,0.4999898,1.0
-0.79014844,1.0491226,0.49998936,1.0
-1.3537364,-1.7687298,0.49999347,1.0
1.4031422,12.015522,0.49998245,1.0
-0.1620896,4.1895556,0.49999914,1.0
0.39784268,6.989276,0.5000059,1.0
0.2983299,6.491741,0.5000091,1.0
-1.1789348,-0.89467764,0.49999976,1.0
-0.8138812,0.93054354,0.49999368,1.0
0.44563025,7.22818,0.5000023,1.0
0.2659673,6.330053,0.5000225,1.0
0.28375423,6.418843,0.5000064,1.0
-1.11616,-0.5808729,0.49999422,1.0
-0.51294607,2.435318,0.5000045,1.0
0.38844988,6.942298,0.5000036,1.0
-0.6757992,1.6210581,0.50000536,1.0
-0.6694371,1.6527793,0.4999961,1.0
-0.90419656,0.47889453,0.49998906,1.0
0.87932384,9.39656,0.4999931,1.0
-0.85940486,0.7029799,0.50000054,1.0
0.47884277,7.3942676,0.50000507,1.0
0.2048864,6.024464,0.5000022,1.0
0.15122153,5.7560377,0.4999931,1.0
1.3393562,11.696746,0.49999708,1.0
-1.2212045,-1.106063,0.49999648,1.0
0.9007651,9.503922,0.50001144,1.0
-0.09642547,4.517926,0.5000058,1.0
-0.83884865,0.80554134,0.49997857,1.0
-0.7542273,1.2287655,0.4999902,1.0
-0.8435629,0.7822116,0.5000031,1.0
-0.9464354,0.2677714,0.49999446,1.0
2.0734904,15.367361,0.49999166,1.0
-0.87054193,0.6473609,0.50000864,1.0
-0.07964424,4.601748,0.49999702,1.0
0.18093799,5.9046965,0.50000054,1.0
1.0587817,10.293722,0.4999819,1.0
1.3381734,11.6908865,0.5000029,1.0
-0.45614624,2.719239,0.49999654,1.0
0.13026038,5.6512923,0.49999893,1.0
0.021340625,5.106637,0.49999446,1.0
-1.2728082,-1.3639909,0.5000059,1.0
2.4318266,17.15897,0.49998206,1.0
-1.5699134,-2.8495543,0.5000009,1.0
-0.48245782,2.5879164,0.5000217,1.0
-0.2160313,3.9199493,0.5000125,1.0
2.0770965,15.385383,0.49999002,1.0
0.004392908,5.021895,0.49999276,1.0
-1.1753014,-0.8764497,0.50000405,1.0
1.0947758,10.47399,0.50001097,1.0
-0.4187148,2.906431,0.5000009,1.0
2.4686444,17.343159,0.49999335,1.0
-0.7451253,1.2744107,0.500002,1.0
-0.5092431,2.4538069,0.50000066,1.0
-0.5327248,2.336422,0.5000062,1.0
0.14155298,5.7076864,0.4999925,1.0
2.7196527,18.598242,0.49999937,1.0
-0.52994174,2.350183,0.4999896,1.0
0.29261786,6.4629445,0.49998578,1.0
0.82530206,9.126573,0.5000068,1.0
0.66083664,8.304189,0.49999854,1.0
-0.7005687,1.4971755,0.5000014,1.0
-2.4728858,-7.364361,0.50000757,1.0
-0.46181658,2.691002,0.5000086,1.0
0.1203714,5.601896,0.5000052,1.0
-0.89652336,0.5174015,0.500002,1.0
-0.60169375,1.9915637,0.500003,1.0
-0.058622997,4.7070274,0.5000141,1.0
1.4941258,12.47059,0.4999962,1.0
-2.0862584,-5.431212,0.500008,1.0
-0.14584671,4.270962,0.5000184,1.0
-0.9425371,0.28726214,0.49999335,1.0
-0.93727916,0.313368,0.49997675,1.0
-1.064099,-0.32054347,0.49999478,1.0
0.72566766,8.628224,0.49998882,1.0
0.47629663,7.381562,0.5000077,1.0
1.9709345,14.854611,0.49999443,1.0
-1.3252454,-1.6261946,0.50000495,1.0
-0.1344322,4.3277817,0.49999312,1.0
-0.09606521,4.5196404,0.4999948,1.0
0.42405826,7.1202736,0.49999723,1.0
-1.4924258,-2.462137,0.50000024,1.0
1.8643448,14.321852,0.50001127,1.0
-0.5538843,2.2304068,0.49998143,1.0
-0.43076846,2.8460848,0.49999413,1.0
-0.37761742,3.111914,0.5000001,1.0
-0.6766931,1.6168002,0.5000251,1.0
0.6654552,8.327374,0.5000091,1.0
-1.4559312,-2.27963,0.50000095,1.0
1.1098005,10.548828,0.49998203,1.0
-0.5285846,2.3569763,0.49999064,1.0
-1.6548113,-3.2741401,0.49999094,1.0
-1.0852997,-0.4265463,0.4999957,1.0
0.036787067,5.183896,0.4999962,1.0
